Workbook

Sheet Master Tracking Ledger
A1: MASTER TRACKING LEDGER | LLM CTI Executive Report Evaluation
A2: Researcher: Arcadio Aguilar | Advisor: John Hally | RPC: Dr. Johannes Ullrich | ⚠ SECURED – Keep separate from evaluation workspace | Records: R_0001 – R_1000
A3: Report_ID | B3: Random_ID | C3: Prompt_Strategy | D3: Scenario_ID | E3: Incident_Category | F3: Iteration | G3: Source_Vendor | H3: Date_Generated | I3: Generation_Time_Sec | J3: Tokens_Per_Second (tok/s) | K3: Model | L3: Temperature | M3: Scoring_Status
A4: R_S0_SC01_I01 | B4: R_0667 | C4: Baseline – Zero-Shot (minimal instruction) | D4: SC01 | E4: Ransomware | F4: 1 | G4: Gemma3:27b via Ollama | H4: 46152 | I4: 9.079 | J4: 62.45 | K4: Gemma3:27b | L4: 0.3 | M4: Complete
A5: R_S0_SC01_I02 | B5: R_0573 | C5: Baseline – Zero-Shot (minimal instruction) | D5: SC01 | E5: Ransomware | F5: 2 | G5: Gemma3:27b via Ollama | H5: 46152 | I5: 8.371 | J5: 67.97 | K5: Gemma3:27b | L5: 0.3 | M5: Complete
A6: R_S0_SC01_I03 | B6: R_0732 | C6: Baseline – Zero-Shot (minimal instruction) | D6: SC01 | E6: Ransomware | F6: 3 | G6: Gemma3:27b via Ollama | H6: 46152 | I6: 12.223 | J6: 67.58 | K6: Gemma3:27b | L6: 0.3 | M6: Complete
A7: R_S0_SC01_I04 | B7: R_0335 | C7: Baseline – Zero-Shot (minimal instruction) | D7: SC01 | E7: Ransomware | F7: 4 | G7: Gemma3:27b via Ollama | H7: 46152 | I7: 11.759 | J7: 66.67 | K7: Gemma3:27b | L7: 0.3 | M7: Complete
A8: R_S0_SC01_I05 | B8: R_0733 | C8: Baseline – Zero-Shot (minimal instruction) | D8: SC01 | E8: Ransomware | F8: 5 | G8: Gemma3:27b via Ollama | H8: 46152 | I8: 12.856 | J8: 65.03 | K8: Gemma3:27b | L8: 0.3 | M8: Complete
A9: R_S0_SC01_I06 | B9: R_0502 | C9: Baseline – Zero-Shot (minimal instruction) | D9: SC01 | E9: Ransomware | F9: 6 | G9: Gemma3:27b via Ollama | H9: 46152 | I9: 12.476 | J9: 66.05 | K9: Gemma3:27b | L9: 0.3 | M9: Complete
A10: R_S0_SC01_I07 | B10: R_0638 | C10: Baseline – Zero-Shot (minimal instruction) | D10: SC01 | E10: Ransomware | F10: 7 | G10: Gemma3:27b via Ollama | H10: 46152 | I10: 12.823 | J10: 66.13 | K10: Gemma3:27b | L10: 0.3 | M10: Complete
A11: R_S0_SC01_I08 | B11: R_0636 | C11: Baseline – Zero-Shot (minimal instruction) | D11: SC01 | E11: Ransomware | F11: 8 | G11: Gemma3:27b via Ollama | H11: 46152 | I11: 12.096 | J11: 65.89 | K11: Gemma3:27b | L11: 0.3 | M11: Complete
A12: R_S0_SC01_I09 | B12: R_0054 | C12: Baseline – Zero-Shot (minimal instruction) | D12: SC01 | E12: Ransomware | F12: 9 | G12: Gemma3:27b via Ollama | H12: 46152 | I12: 11.648 | J12: 66.10 | K12: Gemma3:27b | L12: 0.3 | M12: Complete
A13: R_S0_SC01_I10 | B13: R_0834 | C13: Baseline – Zero-Shot (minimal instruction) | D13: SC01 | E13: Ransomware | F13: 10 | G13: Gemma3:27b via Ollama | H13: 46152 | I13: 12.940 | J13: 66.38 | K13: Gemma3:27b | L13: 0.3 | M13: Complete
A14: R_S0_SC02_I01 | B14: R_0720 | C14: Baseline – Zero-Shot (minimal instruction) | D14: SC02 | E14: Ransomware | F14: 1 | G14: Gemma3:27b via Ollama | H14: 46152 | I14: 13.571 | J14: 65.95 | K14: Gemma3:27b | L14: 0.3 | M14: Complete
A15: R_S0_SC02_I02 | B15: R_0534 | C15: Baseline – Zero-Shot (minimal instruction) | D15: SC02 | E15: Ransomware | F15: 2 | G15: Gemma3:27b via Ollama | H15: 46152 | I15: 11.953 | J15: 66.01 | K15: Gemma3:27b | L15: 0.3 | M15: Complete
... A1003: B_S4_SC05_I10 | B1003: R_0605 | C1003: Strategy 4 – One-Shot + Template + BLUF | D1003: SC05 | E1003: Business Email Compromise | F1003: 10 | G1003: Gemma3:27b via Ollama | H1003: 46166 | I1003: 7.676 | J1003: 66.70 | K1003: Gemma3:27b | L1003: 0.3 | M1003: Complete

Sheet Blind Scoring Sheet
A1: BLIND SCORING SHEET | Evaluators see Random_ID only – NO metadata
A2: Score each report on Random_ID only. Complete ALL scoring before consulting Master Tracking Ledger. Pass threshold: Composite ≥ 3.5 / 5.0
A3: Random_ID | B3: Actionability (Raw /5.0) | C3: Actionability Weighted (×0.35) | D3: Analytical Rigor (Raw /5.0) | E3: Analytical Rigor Weighted (×0.30) | F3: Language Appr. (Raw /5.0) | G3: Language Appr. Weighted (×0.20) | H3: Structure (Raw /5.0) | I3: Structure Weighted (×0.15) | J3: Composite Score | K3: Pass / Fail (≥3.5) | L3: Strengths | M3: Weaknesses | N3: Notes / Edge Cases
A4: R_0001 | B4: 3.1 | C4: 1.085 | D4: 3.4 | E4: 1.02 | F4: 3.8 | G4: 0.76 | H4: 3 | I4: 0.45 | J4: 3.32 | K4: Fail
A5: R_0002 | B5: 3.2 | C5: 1.12 | D5: 3.1 | E5: 0.93 | F5: 3.8 | G5: 0.76 | H5: 3 | I5: 0.45 | J5: 3.26 | K5: Fail
A6: R_0003 | B6: 3.8 | C6: 1.33 | D6: 3.4 | E6: 1.02 | F6: 4 | G6: 0.8 | H6: 3.2 | I6: 0.48 | J6: 3.63 | K6: Pass
A7: R_0004 | B7: 4 | C7: 1.4 | D7: 3.6 | E7: 1.08 | F7: 4.2 | G7: 0.84 | H7: 4 | I7: 0.6 | J7: 3.92 | K7: Pass
A8: R_0005 | B8: 3.4 | C8: 1.19 | D8: 2.8 | E8: 0.84 | F8: 3.2 | G8: 0.64 | H8: 2.8 | I8: 0.42 | J8: 3.09 | K8: Fail
A9: R_0006 | B9: 3.5 | C9: 1.225 | D9: 3.3 | E9: 0.99 | F9: 3.8 | G9: 0.76 | H9: 2.8 | I9: 0.42 | J9: 3.39 | K9: Fail
A10: R_0007 | B10: 3.8 | C10: 1.33 | D10: 3.2 | E10: 0.96 | F10: 3.8 | G10: 0.76 | H10: 3.8 | I10: 0.57 | J10: 3.62 | K10: Pass
A11: R_0008 | B11: 3.5 | C11: 1.225 | D11: 3.7 | E11: 1.11 | F11: 3.7 | G11: 0.74 | H11: 3.2 | I11: 0.48 | J11: 3.56 | K11: Pass
A12: R_0009 | B12: 2.7 | C12: 0.945 | D12: 3.2 | E12: 0.96 | F12: 3.5 | G12: 0.7 | H12: 3.7 | I12: 0.555 | J12: 3.16 | K12: Fail
A13: R_0010 | B13: 3.3 | C13: 1.155 | D13: 3.2 | E13: 0.96 | F13: 3.3 | G13: 0.66 | H13: 2.6 | I13: 0.39 | J13: 3.17 | K13: Fail
A14: R_0011 | B14: 3.5 | C14: 1.225 | D14: 3 | E14: 0.9 | F14: 3.6 | G14: 0.72 | H14: 2.8 | I14: 0.42 | J14: 3.26 | K14: Fail
A15: R_0012 | B15: 3.3 | C15: 1.155 | D15: 3.4 | E15: 1.02 | F15: 3.7 | G15: 0.74 | H15: 4.4 | I15: 0.66 | J15: 3.58 | K15: Pass
... A25: R_0022 | B25: 3.3 | C25: 1.155 | D25: 3.8 | E25: 1.14 | F25: 3.6 | G25: 0.72 | H25: 3.2 | I25: 0.48 | J25: 3.5 | K25: Pass
A26: R_0023 | B26: 3.6 | 2.3 | C26: 1.26 | .805 | D26: 3.0 | 2.2 | E26: 0.9 | 0.66 | F26: 3.7 | 2.2 | G26: 0.74 | 0.44 | H26: 3.6 | 3.7 | I26: 0.54 | .555 | J26: 3.44 | 2.42 | K26: Fail | Fail
A27: R_0024 | B27: 2.6 | C27: 0.91 | D27: 3.2 | E27: 0.96 | F27: 3.3 | G27: 0.66 | H27: 2.8 | I27: 0.42 | J27: 2.95 | K27: Fail
A28: R_0025 | B28: 3.5 | C28: 1.225 | D28: 2.8 | E28: 0.84 | F28: 3.6 | G28: 0.72 | H28: 3.6 | I28: 0.54 | J28: 3.33 | K28: Fail
A29: R_0026 | B29: 3 | C29: 1.05 | D29: 3 | E29: 0.9 | F29: 3.7 | G29: 0.74 | H29: 4.2 | I29: 0.63 | J29: 3.32 | K29: Fail
A30: R_0027 | B30: 3 | C30: 1.05 | D30: 3 | E30: 0.9 | F30: 3.7 | G30: 0.74 | H30: 3 | I30: 0.45 | J30: 3.14 | K30: Fail
A31: R_0028 | B31: 3.2 | C31: 1.12 | D31: 3.4 | E31: 1.02 | F31: 3.8 | G31: 0.76 | H31: 4.4 | I31: 0.66 | J31: 3.56 | K31: Pass
A32: R_0029 | B32: 3.7 | C32: 1.295 | D32: 3.5 | E32: 1.05 | F32: 3.5 | G32: 0.7 | H32: 3 | I32: 0.45 | J32: 3.5 | K32: Pass
A33: R_0030 | B33: 3.5 | C33: 1.225 | D33: 3.5 | E33: 1.05 | F33: 3.9 | G33: 0.78 | H33: 3 | I33: 0.45 | J33: 3.51 | K33: Pass
A34: R_0031 | B34: 3.1 | C34: 1.085 | D34: 3.4 | E34: 1.02 | F34: 3.8 | G34: 0.76 | H34: 4.4 | I34: 0.66 | J34: 3.53 | K34: Pass
A35: R_0032 | B35: 3.4 | C35: 1.19 | D35: 3.1 | E35: 0.93 | F35: 3.8 | G35: 0.76 | H35: 3.2 | I35: 0.48 | J35: 3.36 | K35: Fail
A36: R_0033 | B36: 3.2 | C36: 1.12 | D36: 3.6 | E36: 1.08 | F36: 3.8 | G36: 0.76 | H36: 4.4 | I36: 0.66 | J36: 3.62 | K36: Pass
A37: R_0034 | B37: 3.6 | C37: 1.26 | D37: 3.4 | E37: 1.02 | F37: 3.4 | G37: 0.68 | H37: 2.8 | I37: 0.42 | J37: 3.38 | K37: Fail
A38: R_0035 | B38: 3.6 | C38: 1.26 | D38: 3.8 | E38: 1.14 | F38: 3.4 | G38: 0.68 | H38: 3 | I38: 0.45 | J38: 3.53 | K38: Pass
A39: R_0036 | B39: 3.3 | C39: 1.155 | D39: 2.9 | E39: 0.87 | F39: 3.6 | G39: 0.72 | H39: 3.4 | I39: 0.51 | J39: 3.25 | K39: Fail
A40: R_0037 | B40: 3.6 | 3.5 | C40: 1.26 | 1.225 | D40: 3.2 | 2.2 | E40: 0.96 | 0.66 | F40: 3.8 | 2.9 | G40: 0.76 | 0.58 | H40: 3.6 | 3.9 | I40: 0.54 | 0.585 | J40: 3.52 | 3.05 | K40: Pass | Fail
A41: R_0038 | B41: 3.2 | C41: 1.12 | D41: 3.9 | E41: 1.17 | F41: 3.5 | G41: 0.7 | H41: 2.8 | I41: 0.42 | J41: 3.41 | K41: Fail
A42: R_0039 | B42: 3.2 | C42: 1.12 | D42: 3 | E42: 0.9 | F42: 3.4 | G42: 0.68 | H42: 2.6 | I42: 0.39 | J42: 3.09 | K42: Fail
A43: R_0040 | B43: 3.6 | C43: 1.26 | D43: 3 | E43: 0.9 | F43: 3.7 | G43: 0.74 | H43: 3.6 | I43: 0.54 | J43: 3.44 | K43: Fail
A44: R_0041 | B44: 3.3 | C44: 1.155 | D44: 3.7 | E44: 1.11 | F44: 3.8 | G44: 0.76 | H44: 3.2 | I44: 0.48 | J44: 3.5 | K44: Pass
A45: R_0042 | B45: 3.3 | C45: 1.155 | D45: 2.8 | E45: 0.84 | F45: 3.5 | G45: 0.7 | H45: 2.8 | I45: 0.42 | J45: 3.12 | K45: Fail
A46: R_0043 | B46: 3.5 | C46: 1.225 | D46: 3 | E46: 0.9 | F46: 3.8 | G46: 0.76 | H46: 3.6 | I46: 0.54 | J46: 3.42 | K46: Fail
A47: R_0044 | B47: 3.7 | C47: 1.295 | D47: 3.5 | E47: 1.05 | F47: 3.7 | G47: 0.74 | H47: 3.6 | I47: 0.54 | J47: 3.62 | K47: Pass
A48: R_0045 | B48: 3.9 | C48: 1.365 | D48: 2.8 | E48: 0.84 | F48: 4 | G48: 0.8 | H48: 4 | I48: 0.6 | J48: 3.6 | K48: Pass
A49: R_0046 | B49: 3.4 | C49: 1.19 | D49: 3.1 | E49: 0.93 | F49: 3.7 | G49: 0.74 | H49: 3.4 | I49: 0.51 | J49: 3.37 | K49: Fail
A50: R_0047 | B50: 3.5 | C50: 1.225 | D50: 3.8 | E50: 1.14 | F50: 3.7 | G50: 0.74 | H50: 4.4 | I50: 0.66 | J50: 3.77 | K50: Pass
A51: R_0048 | B51: 3.5 | C51: 1.225 | D51: 3.3 | E51: 0.99 | F51: 3.7 | G51: 0.74 | H51: 3.6 | I51: 0.54 | J51: 3.5 | K51: Pass
A52: R_0049 | B52: 3.5 | C52: 1.225 | D52: 3.3 | E52: 0.99 | F52: 3.9 | G52: 0.78 | H52: 3.8 | I52: 0.57 | J52: 3.56 | K52: Pass
... A95: R_0092 | B95: 3 | C95: 1.05 | D95: 3.5 | E95: 1.05 | F95: 3.5 | G95: 0.7 | H95: 3.9 | I95: 0.585 | J95: 3.38 | K95: Fail
A96: R_0093 | B96: 3.7 | 2.2 | C96: 1.295 | 0.77 | D96: 3.8 | 2.1 | E96: 1.14 | 0.63 | F96: 3.8 | 2.0 | G96: 0.76 | 0.40 | H96: 3.0 | 1.9 | I96: 0.45 | 0.285 | J96: 3.64 | 2.085 | K96: Pass | Fail
A97: R_0094 | B97: 3.8 | C97: 1.33 | D97: 3.3 | E97: 0.99 | F97: 3.8 | G97: 0.76 | H97: 3.8 | I97: 0.57 | J97: 3.65 | K97: Pass
A98: R_0095 | B98: 4 | C98: 1.4 | D98: 3.6 | E98: 1.08 | F98: 3.7 | G98: 0.74 | H98: 4 | I98: 0.6 | J98: 3.82 | K98: Pass
A99: R_0096 | B99: 3.2 | C99: 1.12 | D99: 3.6 | E99: 1.08 | F99: 3.8 | G99: 0.76 | H99: 4.4 | I99: 0.66 | J99: 3.62 | K99: Pass
A100: R_0097 | B100: 3.2 | C100: 1.12 | D100: 3.7 | E100: 1.11 | F100: 3.7 | G100: 0.74 | H100: 3.2 | I100: 0.48 | J100: 3.45 | K100: Fail
A101: R_0098 | B101: 2.8 | C101: 0.98 | D101: 3.2 | E101: 0.96 | F101: 3.4 | G101: 0.68 | H101: 3.7 | I101: 0.555 | J101: 3.18 | K101: Fail
A102: R_0099 | B102: 3 | C102: 1.05 | D102: 3.8 | E102: 1.14 | F102: 3.6 | G102: 0.72 | H102: 3.7 | I102: 0.555 | J102: 3.46 | K102: Fail
A103: R_0100 | B103: 3.9 | 3.0 | C103: 1.365 | 1.05 | D103: 3.1 | 2.8 | E103: 0.93 | 0.84 | F103: 3.6 | 3.3 | G103: 0.72 | 0.66 | H103: 4.0 | 4.0 | I103: 0.6 | 0.6 | J103: 3.61 | 3.15 | K103: Pass | Fail
A104: R_0101 | B104: 3.1 | C104: 1.085 | D104: 3.4 | E104: 1.02 | F104: 3.7 | G104: 0.74 | H104: 3.2 | I104: 0.48 | J104: 3.33 | K104: Fail
A105: R_0102 | B105: 2.7 | C105: 0.945 | D105: 3.7 | E105: 1.11 | F105: 3.5 | G105: 0.7 | H105: 2.8 | I105: 0.42 | J105: 3.18 | K105: Fail
A106: R_0103 | B106: 3.1 | C106: 1.085 | D106: 3.3 | E106: 0.99 | F106: 3.5 | G106: 0.7 | H106: 2.6 | I106: 0.39 | J106: 3.17 | K106: Fail
A107: R_0104 | B107: 3.7 | C107: 1.295 | D107: 3.1 | E107: 0.93 | F107: 3.8 | G107: 0.76 | H107: 3.8 | I107: 0.57 | J107: 3.56 | K107: Pass
A108: R_0105 | B108: 3.9 | C108: 1.365 | D108: 3.5 | E108: 1.05 | F108: 3.7 | G108: 0.74 | H108: 4 | I108: 0.6 | J108: 3.76 | K108: Pass
A109: R_0106 | B109: 3.1 | C109: 1.085 | D109: 3.3 | E109: 0.99 | F109: 3.4 | G109: 0.68 | H109: 4.2 | I109: 0.63 | J109: 3.38 | K109: Fail
A110: R_0107 | B110: 2.6 | C110: 0.91 | D110: 3.2 | E110: 0.96 | F110: 3.5 | G110: 0.7 | H110: 3.6 | I110: 0.54 | J110: 3.11 | K110: Fail
A111: R_0108 | B111: 3.3 | C111: 1.155 | D111: 2.8 | E111: 0.84 | F111: 3.7 | G111: 0.74 | H111: 3.4 | I111: 0.51 | J111: 3.25 | K111: Fail
A112: R_0109 | B112: 3.6 | C112: 1.26 | D112: 3.5 | E112: 1.05 | F112: 3.7 | G112: 0.74 | H112: 3.6 | I112: 0.54 | J112: 3.59 | K112: Pass
A113: R_0110 | B113: 3.3 | C113: 1.155 | D113: 3.7 | E113: 1.11 | F113: 3.6 | G113: 0.72 | H113: 4.3 | I113: 0.645 | J113: 3.63 | K113: Pass
A114: R_0111 | B114: 3.1 | C114: 1.085 | D114: 2.9 | E114: 0.87 | F114: 3.5 | G114: 0.7 | H114: 4.4 | I114: 0.66 | J114: 3.32 | K114: Fail
A115: R_0112 | B115: 3.2 | C115: 1.12 | D115: 3.4 | E115: 1.02 | F115: 3.7 | G115: 0.74 | H115: 3.2 | I115: 0.48 | J115: 3.36 | K115: Fail
... A122: R_0119 | B122: 3.3 | C122: 1.155 | D122: 3.7 | E122: 1.11 | F122: 3.5 | G122: 0.7 | H122: 4.2 | I122: 0.63 | J122: 3.59 | K122: Pass
A123: R_0120 | B123: 3.4 | 4.0 | C123: 1.19 | 1.4 | D123: 3.2 | 3.8 | E123: 0.96 | 1.14 | F123: 3.6 | 3.8 | G123: 0.72 | 0.76 | H123: 2.8 | 2.1 | I123: 0.42 | 0.315 | J123: 3.29 | 3.615 | K123: Fail | Pass
A124: R_0121 | B124: 2.6 | C124: 0.91 | D124: 3.4 | E124: 1.02 | F124: 3.4 | G124: 0.68 | H124: 2.8 | I124: 0.42 | J124: 3.03 | K124: Fail
A125: R_0122 | B125: 3.4 | C125: 1.19 | D125: 3.4 | E125: 1.02 | F125: 3.6 | G125: 0.72 | H125: 2.8 | I125: 0.42 | J125: 3.35 | K125: Fail
A126: R_0123 | B126: 3.3 | C126: 1.155 | D126: 3.7 | E126: 1.11 | F126: 3.7 | G126: 0.74 | H126: 3.4 | I126: 0.51 | J126: 3.51 | K126: Pass
A127: R_0124 | B127: 3.5 | C127: 1.225 | D127: 3.6 | E127: 1.08 | F127: 3.6 | G127: 0.72 | H127: 3.3 | I127: 0.495 | J127: 3.52 | K127: Pass
A128: R_0125 | B128: 3.5 | C128: 1.225 | D128: 3.3 | E128: 0.99 | F128: 3.7 | G128: 0.74 | H128: 3 | I128: 0.45 | J128: 3.41 | K128: Fail
A129: R_0126 | B129: 2.6 | C129: 0.91 | D129: 3.2 | E129: 0.96 | F129: 3.4 | G129: 0.68 | H129: 2.8 | I129: 0.42 | J129: 2.97 | K129: Fail
A130: R_0127 | B130: 3.1 | C130: 1.085 | D130: 3.2 | E130: 0.96 | F130: 3.5 | G130: 0.7 | H130: 2.8 | I130: 0.42 | J130: 3.17 | K130: Fail
A131: R_0128 | B131: 3.8 | C131: 1.33 | D131: 2.9 | E131: 0.87 | F131: 3.9 | G131: 0.78 | H131: 3.8 | I131: 0.57 | J131: 3.55 | K131: Pass
A132: R_0129 | B132: 3.6 | C132: 1.26 | D132: 3.9 | E132: 1.17 | F132: 3.7 | G132: 0.74 | H132: 3.2 | I132: 0.48 | J132: 3.65 | K132: Pass
A133: R_0130 | B133: 3.3 | C133: 1.155 | D133: 3.2 | E133: 0.96 | F133: 3.7 | G133: 0.74 | H133: 3 | I133: 0.45 | J133: 3.31 | K133: Fail
A134: R_0131 | B134: 3.5 | C134: 1.225 | D134: 3 | E134: 0.9 | F134: 3.7 | G134: 0.74 | H134: 3.5 | I134: 0.525 | J134: 3.39 | K134: Fail
A135: R_0132 | B135: 3.2 | C135: 1.12 | D135: 3.6 | E135: 1.08 | F135: 3.5 | G135: 0.7 | H135: 3.2 | I135: 0.48 | J135: 3.38 | K135: Fail
A136: R_0133 | B136: 3.2 | C136: 1.12 | D136: 3.4 | E136: 1.02 | F136: 3.7 | G136: 0.74 | H136: 2.8 | I136: 0.42 | J136: 3.3 | K136: Fail
A137: R_0134 | B137: 3.6 | 2.8 | C137: 1.26 | 0.98 | D137: 2.8 | 2.7 | E137: 0.84 | 0.81 | F137: 3.5 | 1.5 | G137: 0.7 | 0.3 | H137: 3.5 | 4.0 | I137: 0.525 | 0.6 | J137: 3.32 | 2.69 | K137: Fail | Fail
A138: R_0135 | B138: 3.1 | C138: 1.085 | D138: 3.6 | E138: 1.08 | F138: 3.5 | G138: 0.7 | H138: 2.6 | I138: 0.39 | J138: 3.26 | K138: Fail
A139: R_0136 | B139: 3.2 | C139: 1.12 | D139: 3.6 | E139: 1.08 | F139: 3.7 | G139: 0.74 | H139: 3.2 | I139: 0.48 | J139: 3.42 | K139: Fail
A140: R_0137 | B140: 3.6 | C140: 1.26 | D140: 3.9 | E140: 1.17 | F140: 3.3 | G140: 0.66 | H140: 3 | I140: 0.45 | J140: 3.54 | K140: Pass
A141: R_0138 | B141: 3.2 | C141: 1.12 | D141: 3.4 | E141: 1.02 | F141: 3.6 | G141: 0.72 | H141: 4.2 | I141: 0.63 | J141: 3.49 | K141: Fail
A142: R_0139 | B142: 3.9 | 3.1 | C142: 1.365 | 1.085 | D142: 3.8 | 3.0 | E142: 1.14 | 0.9 | F142: 3.1 | 1.8 | G142: 0.62 | 0.36 | H142: 3.0 | 2.1 | I142: 0.45 | 0.315 | J142: 3.58 | 2.66 | K142: Pass | Fail
A143: R_0140 | B143: 3.3 | C143: 1.155 | D143: 3.6 | E143: 1.08 | F143: 3.7 | G143: 0.74 | H143: 2.8 | I143: 0.42 | J143: 3.4 | K143: Fail
A144: R_0141 | B144: 2.8 | C144: 0.98 | D144: 2.8 | E144: 0.84 | F144: 3.4 | G144: 0.68 | H144: 2.8 | I144: 0.42 | J144: 2.92 | K144: Fail
A145: R_0142 | B145: 3.8 | C145: 1.33 | D145: 3.3 | E145: 0.99 | F145: 3.9 | G145: 0.78 | H145: 4 | I145: 0.6 | J145: 3.7 | K145: Pass
A146: R_0143 | B146: 3.9 | C146: 1.365 | D146: 3.5 | E146: 1.05 | F146: 3.7 | G146: 0.74 | H146: 4 | I146: 0.6 | J146: 3.76 | K146: Pass
A147: R_0144 | B147: 3.2 | C147: 1.12 | D147: 3.7 | E147: 1.11 | F147: 3.5 | G147: 0.7 | H147: 3.2 | I147: 0.48 | J147: 3.41 | K147: Fail
A148: R_0145 | B148: 3.3 | C148: 1.155 | D148: 3.3 | E148: 0.99 | F148: 3.6 | G148: 0.72 | H148: 2.8 | I148: 0.42 | J148: 3.29 | K148: Fail
A149: R_0146 | B149: 3.6 | C149: 1.26 | D149: 3.4 | E149: 1.02 | F149: 3.7 | G149: 0.74 | H149: 3.6 | I149: 0.54 | J149: 3.56 | K149: Pass
A150: R_0147 | B150: 3.7 | C150: 1.295 | D150: 3.4 | E150: 1.02 | F150: 3.6 | G150: 0.72 | H150: 3.8 | I150: 0.57 | J150: 3.6 | K150: Pass
A151: R_0148 | B151: 3.5 | C151: 1.225 | D151: 3.3 | E151: 0.99 | F151: 3.7 | G151: 0.74 | H151: 3 | I151: 0.45 | J151: 3.41 | K151: Fail
A152: R_0149 | B152: 3.4 | C152: 1.19 | D152: 3 | E152: 0.9 | F152: 3.6 | G152: 0.72 | H152: 2.8 | I152: 0.42 | J152: 3.23 | K152: Fail
A153: R_0150 | B153: 3.4 | C153: 1.19 | D153: 4.2 | E153: 1.26 | F153: 3.2 | G153: 0.64 | H153: 3 | I153: 0.45 | J153: 3.54 | K153: Pass
A154: R_0151 | B154: 3.7 | C154: 1.295 | D154: 4.1 | E154: 1.23 | F154: 3.2 | G154: 0.64 | H154: 3 | I154: 0.45 | J154: 3.62 | K154: Pass
... A173: R_0170 | B173: 3.5 | C173: 1.225 | D173: 3.7 | E173: 1.11 | F173: 3.7 | G173: 0.74 | H173: 3.2 | I173: 0.48 | J173: 3.56 | K173: Pass
A174: R_0171 | B174: 3.4 | 3.7 | C174: 1.19 | 1.295 | D174: 3.0 | 3.6 | E174: 0.9 | 1.08 | F174: 3.6 | 3.9 | G174: 0.72 | 0.78 | H174: 2.8 | 4.0 | I174: 0.42 | 0.6 | J174: 3.23 | 3.755 | K174: Fail | Pass
A175: R_0172 | B175: 3.6 | C175: 1.26 | D175: 3.4 | E175: 1.02 | F175: 3.7 | G175: 0.74 | H175: 3.6 | I175: 0.54 | J175: 3.56 | K175: Pass
...

Sheet Analysis Dashboard
A1: ANALYSIS DASHBOARD | Post-Evaluation – Link scores after blinding period ends
A2: Complete this sheet ONLY after all blind scoring is finished and scores have been merged back to Master Tracking Ledger.
A3: Group | B3: N Reports | C3: Avg Actionability | D3: Avg Analytical Rigor | E3: Avg Language Appr. | F3: Avg Structure | G3: Avg Composite | H3: Std Dev Composite | I3: Pass Rate (%) | J3: Threshold Attainment Rate (%) | K3: Notes
A4: Baseline – Zero-Shot (S0) | B4: =COUNTIF('Dashboard Calc'!$B$4:$B$1003,"S0") | C4: =AVERAGEIF('Dashboard Calc'!$B$4:$B$1003,"S0",'Dashboard Calc'!$C$4:$C$1003) | D4: =AVERAGEIF('Dashboard Calc'!$B$4:$B$1003,"S0",'Dashboard Calc'!$D$4:$D$1003) | E4: =AVERAGEIF('Dashboard Calc'!$B$4:$B$1003,"S0",'Dashboard Calc'!$E$4:$E$1003) | F4: =AVERAGEIF('Dashboard Calc'!$B$4:$B$1003,"S0",'Dashboard Calc'!$F$4:$F$1003) | G4: =AVERAGEIF('Dashboard Calc'!$B$4:$B$1003,"S0",'Dashboard Calc'!$G$4:$G$1003) | H4: {=STDEV(IF('Dashboard Calc'!$B$4:$B$1003="S0",'Dashboard Calc'!$G$4:$G$1003))} | I4: =COUNTIFS('Dashboard Calc'!$B$4:$B$1003,"S0",'Dashboard Calc'!$H$4:$H$1003,"Pass")/COUNTIF('Dashboard Calc'!$B$4:$B$1003,"S0") | J4: =COUNTIFS('Dashboard Calc'!$B$4:$B$1003,"S0",'Dashboard Calc'!$G$4:$G$1003,">=3.5")/COUNTIF('Dashboard Calc'!$B$4:$B$1003,"S0")
A5: Strategy 1 – Zero-Shot + Template (S1) | B5: =COUNTIF('Dashboard Calc'!$B$4:$B$1003,"S1") | C5: =AVERAGEIF('Dashboard Calc'!$B$4:$B$1003,"S1",'Dashboard Calc'!$C$4:$C$1003) | D5: =AVERAGEIF('Dashboard Calc'!$B$4:$B$1003,"S1",'Dashboard Calc'!$D$4:$D$1003) | E5: =AVERAGEIF('Dashboard Calc'!$B$4:$B$1003,"S1",'Dashboard Calc'!$E$4:$E$1003) | F5: =AVERAGEIF('Dashboard Calc'!$B$4:$B$1003,"S1",'Dashboard Calc'!$F$4:$F$1003) | G5: =AVERAGEIF('Dashboard Calc'!$B$4:$B$1003,"S1",'Dashboard Calc'!$G$4:$G$1003) | H5: {=STDEV(IF('Dashboard Calc'!$B$4:$B$1003="S1",'Dashboard Calc'!$G$4:$G$1003))} | I5: =COUNTIFS('Dashboard Calc'!$B$4:$B$1003,"S1",'Dashboard Calc'!$H$4:$H$1003,"Pass")/COUNTIF('Dashboard Calc'!$B$4:$B$1003,"S1") | J5: =COUNTIFS('Dashboard Calc'!$B$4:$B$1003,"S1",'Dashboard Calc'!$G$4:$G$1003,">=3.5")/COUNTIF('Dashboard Calc'!$B$4:$B$1003,"S1")
A6: Strategy 2 – Zero-Shot + Template + BLUF (S2) | B6: =COUNTIF('Dashboard Calc'!$B$4:$B$1003,"S2") | C6: =AVERAGEIF('Dashboard Calc'!$B$4:$B$1003,"S2",'Dashboard Calc'!$C$4:$C$1003) | D6: =AVERAGEIF('Dashboard Calc'!$B$4:$B$1003,"S2",'Dashboard Calc'!$D$4:$D$1003) | E6: =AVERAGEIF('Dashboard Calc'!$B$4:$B$1003,"S2",'Dashboard Calc'!$E$4:$E$1003) | F6: =AVERAGEIF('Dashboard Calc'!$B$4:$B$1003,"S2",'Dashboard Calc'!$F$4:$F$1003) | G6: =AVERAGEIF('Dashboard Calc'!$B$4:$B$1003,"S2",'Dashboard Calc'!$G$4:$G$1003) | H6: {=STDEV(IF('Dashboard Calc'!$B$4:$B$1003="S2",'Dashboard Calc'!$G$4:$G$1003))} | I6: =COUNTIFS('Dashboard Calc'!$B$4:$B$1003,"S2",'Dashboard Calc'!$H$4:$H$1003,"Pass")/COUNTIF('Dashboard Calc'!$B$4:$B$1003,"S2") | J6: =COUNTIFS('Dashboard Calc'!$B$4:$B$1003,"S2",'Dashboard Calc'!$G$4:$G$1003,">=3.5")/COUNTIF('Dashboard Calc'!$B$4:$B$1003,"S2")
A7: Strategy 3 – One-Shot + Template (S3) | B7: =COUNTIF('Dashboard Calc'!$B$4:$B$1003,"S3") | C7: =AVERAGEIF('Dashboard Calc'!$B$4:$B$1003,"S3",'Dashboard Calc'!$C$4:$C$1003) | D7: =AVERAGEIF('Dashboard Calc'!$B$4:$B$1003,"S3",'Dashboard Calc'!$D$4:$D$1003) | E7: =AVERAGEIF('Dashboard Calc'!$B$4:$B$1003,"S3",'Dashboard Calc'!$E$4:$E$1003) | F7: =AVERAGEIF('Dashboard Calc'!$B$4:$B$1003,"S3",'Dashboard Calc'!$F$4:$F$1003) | G7: =AVERAGEIF('Dashboard Calc'!$B$4:$B$1003,"S3",'Dashboard Calc'!$G$4:$G$1003) | H7: {=STDEV(IF('Dashboard Calc'!$B$4:$B$1003="S3",'Dashboard Calc'!$G$4:$G$1003))} | I7: =COUNTIFS('Dashboard Calc'!$B$4:$B$1003,"S3",'Dashboard Calc'!$H$4:$H$1003,"Pass")/COUNTIF('Dashboard Calc'!$B$4:$B$1003,"S3") | J7: =COUNTIFS('Dashboard Calc'!$B$4:$B$1003,"S3",'Dashboard Calc'!$G$4:$G$1003,">=3.5")/COUNTIF('Dashboard Calc'!$B$4:$B$1003,"S3")
A8: Strategy 4 – One-Shot + Template + BLUF (S4) | B8: =COUNTIF('Dashboard Calc'!$B$4:$B$1003,"S4") | C8: =AVERAGEIF('Dashboard Calc'!$B$4:$B$1003,"S4",'Dashboard Calc'!$C$4:$C$1003) | D8: =AVERAGEIF('Dashboard Calc'!$B$4:$B$1003,"S4",'Dashboard Calc'!$D$4:$D$1003) | E8: =AVERAGEIF('Dashboard Calc'!$B$4:$B$1003,"S4",'Dashboard Calc'!$E$4:$E$1003) | F8: =AVERAGEIF('Dashboard Calc'!$B$4:$B$1003,"S4",'Dashboard Calc'!$F$4:$F$1003) | G8: =AVERAGEIF('Dashboard Calc'!$B$4:$B$1003,"S4",'Dashboard Calc'!$G$4:$G$1003) | H8: {=STDEV(IF('Dashboard Calc'!$B$4:$B$1003="S4",'Dashboard Calc'!$G$4:$G$1003))} | I8: =COUNTIFS('Dashboard Calc'!$B$4:$B$1003,"S4",'Dashboard Calc'!$H$4:$H$1003,"Pass")/COUNTIF('Dashboard Calc'!$B$4:$B$1003,"S4") | J8: =COUNTIFS('Dashboard Calc'!$B$4:$B$1003,"S4",'Dashboard Calc'!$G$4:$G$1003,">=3.5")/COUNTIF('Dashboard Calc'!$B$4:$B$1003,"S4")
A10: TIME SAVINGS ANALYSIS
A11: Metric | B11: Value | C11: Notes
A12: Human avg. time per report (hrs) | B12: 8 | C12: 4–12 hrs/report
A13: AI avg. generation time (sec) | B13: =SUMPRODUCT(IFERROR(VALUE('Master Tracking Ledger'!$I$4:$I$1003),0))/SUMPRODUCT(IFERROR(VALUE('Master Tracking Ledger'!$I$4:$I$1003)^0,0)) | C13: Record during each generation session
A14: AI avg. generation time (min) | B14: {=IF(B13="","",B13/60)} | C14: Auto-calculated from seconds
A15: Time saved per report (hrs) | B15: {=IF(B12="","",B12-B14)} | C15: Human hrs minus AI time in hrs
A16: Reports per week (CTI team) | B16: 2 | C16: Assumption: 2 reports/week
A17: Weekly hours saved | B17: {=IF(B15="","",B15*B16)} | C17: Time saved × reports per week
A18: Annual hours saved | B18: {=IF(B17="","",B17*52)} | C18: Weekly saved × 52 weeks
A20: MODEL PERFORMANCE METRICS (tok/s)
A21: Metric | B21: Value | C21: Notes
A22: Avg Tokens/Second across all runs | B22: =SUMPRODUCT(IFERROR(VALUE('Master Tracking Ledger'!$J$4:$J$1003),0))/SUMPRODUCT(IFERROR(VALUE('Master Tracking Ledger'!$J$4:$J$1003)^0,0)) | C22: Average tok/s from Master Tracking Ledger
A23: Min tok/s observed | B23: 60.9 | C23: Slowest generation recorded
A24: Max tok/s observed | B24: 68.59 | C24: Fastest generation recorded
A25: Avg tok/s by Strategy (S0) | B25: =SUMPRODUCT(--ISNUMBER(SEARCH("_S0_",'Master Tracking Ledger'!$A$4:$A$1003)),IFERROR(VALUE('Master Tracking Ledger'!$J$4:$J$1003),0))/SUMPRODUCT(--ISNUMBER(SEARCH("_S0_",'Master Tracking Ledger'!$A$4:$A$1003)),IFERROR(VALUE('Master Tracking Ledger'!$J$4:$J$1003)^0,0))
A26: Avg tok/s by Strategy (S1) | B26: =SUMPRODUCT(--ISNUMBER(SEARCH("_S1_",'Master Tracking Ledger'!$A$4:$A$1003)),IFERROR(VALUE('Master Tracking Ledger'!$J$4:$J$1003),0))/SUMPRODUCT(--ISNUMBER(SEARCH("_S1_",'Master Tracking Ledger'!$A$4:$A$1003)),IFERROR(VALUE('Master Tracking Ledger'!$J$4:$J$1003)^0,0))
A27: Avg tok/s by Strategy (S2) | B27: =SUMPRODUCT(--ISNUMBER(SEARCH("_S2_",'Master Tracking Ledger'!$A$4:$A$1003)),IFERROR(VALUE('Master Tracking Ledger'!$J$4:$J$1003),0))/SUMPRODUCT(--ISNUMBER(SEARCH("_S2_",'Master Tracking Ledger'!$A$4:$A$1003)),IFERROR(VALUE('Master Tracking Ledger'!$J$4:$J$1003)^0,0))
A28: Avg tok/s by Strategy (S3) | B28: =SUMPRODUCT(--ISNUMBER(SEARCH("_S3_",'Master Tracking Ledger'!$A$4:$A$1003)),IFERROR(VALUE('Master Tracking Ledger'!$J$4:$J$1003),0))/SUMPRODUCT(--ISNUMBER(SEARCH("_S3_",'Master Tracking Ledger'!$A$4:$A$1003)),IFERROR(VALUE('Master Tracking Ledger'!$J$4:$J$1003)^0,0))
A29: Avg tok/s by Strategy (S4) | B29: =SUMPRODUCT(--ISNUMBER(SEARCH("_S4_",'Master Tracking Ledger'!$A$4:$A$1003)),IFERROR(VALUE('Master Tracking Ledger'!$J$4:$J$1003),0))/SUMPRODUCT(--ISNUMBER(SEARCH("_S4_",'Master Tracking Ledger'!$A$4:$A$1003)),IFERROR(VALUE('Master Tracking Ledger'!$J$4:$J$1003)^0,0))
A31: GEMMA3 vs HUMAN-ANALYST SCORE RECONCILIATION | 60 dual-scored reports
A32: Left of pipe = Gemma3 (model) score; right = human analyst. Δ = Human − Gemma3. Source detail on the "Score Reconciliation" sheet. Pass threshold: Composite ≥ 3.5.
A33: Metric | B33: Value | C33: Notes
A34: Dual-scored reports (N) | B34: =COUNT('Score Reconciliation'!$B$4:$B$63) | C34: Reports graded by both Gemma3 and a human analyst
A35: Pass/Fail rating changed (count) | B35: =COUNTIF('Score Reconciliation'!$U$4:$U$63,"Yes") | C35: Aggregate (composite) Pass/Fail flipped between raters
A36: Pass/Fail changed (% of dual-scored) | B36: =COUNTIF('Score Reconciliation'!$U$4:$U$63,"Yes")/COUNT('Score Reconciliation'!$B$4:$B$63) | C36: Share of dual-scored reports whose verdict flipped
A37: — Gemma3 Pass → Human Fail | B37: =COUNTIFS('Score Reconciliation'!$S$4:$S$63,"Pass",'Score Reconciliation'!$T$4:$T$63,"Fail") | C37: Model passed; human failed (model over-credit)
A38: — Gemma3 Fail → Human Pass | B38: =COUNTIFS('Score Reconciliation'!$S$4:$S$63,"Fail",'Score Reconciliation'!$T$4:$T$63,"Pass") | C38: Model failed; human passed (model under-credit)
A39: Pass/Fail agreement rate (%) | B39: =COUNTIF('Score Reconciliation'!$U$4:$U$63,"No")/COUNT('Score Reconciliation'!$B$4:$B$63) | C39: Both raters reached the same verdict
A40: Mean composite — Gemma3 | B40: =AVERAGE('Score Reconciliation'!$O$4:$O$63) | C40: Average model composite across dual-scored set
A41: Mean composite — Human | B41: =AVERAGE('Score Reconciliation'!$P$4:$P$63) | C41: Average human composite across dual-scored set
A42: Mean composite Δ (Human − Gemma3) | B42: =AVERAGE('Score Reconciliation'!$Q$4:$Q$63) | C42: Signed: negative = human scored lower than model
A43: Mean |composite Δ| | B43: =AVERAGE('Score Reconciliation'!$R$4:$R$63) | C43: Average magnitude of disagreement, ignoring direction
A44: Max |composite Δ| (single report) | B44: =MAX('Score Reconciliation'!$R$4:$R$63) | C44: Largest single-report composite disagreement
A46: VARIANCE BY DIMENSION | which scores varied most between Gemma3 and the human analyst
A47: Dimension (weight) | B47: Mean Gemma3 | C47: Mean Human | D47: Mean Δ (H−G) | E47: Mean |Δ| | F47: Max |Δ| | G47: Rank by Mean |Δ|
A48: Actionability (×0.35) | B48: =AVERAGE('Score Reconciliation'!$C$4:$C$63) | C48: =AVERAGE('Score Reconciliation'!$D$4:$D$63) | D48: =AVERAGE('Score Reconciliation'!$E$4:$E$63) | E48: =SUMPRODUCT(ABS('Score Reconciliation'!$E$4:$E$63))/COUNT('Score Reconciliation'!$E$4:$E$63) | F48: =MAX(MAX('Score Reconciliation'!$E$4:$E$63),-MIN('Score Reconciliation'!$E$4:$E$63)) | G48: =RANK(E48,$E$48:$E$51)
A49: Analytical Rigor (×0.30) | B49: =AVERAGE('Score Reconciliation'!$F$4:$F$63) | C49: =AVERAGE('Score Reconciliation'!$G$4:$G$63) | D49: =AVERAGE('Score Reconciliation'!$H$4:$H$63) | E49: =SUMPRODUCT(ABS('Score Reconciliation'!$H$4:$H$63))/COUNT('Score Reconciliation'!$H$4:$H$63) | F49: =MAX(MAX('Score Reconciliation'!$H$4:$H$63),-MIN('Score Reconciliation'!$H$4:$H$63)) | G49: =RANK(E49,$E$48:$E$51)
A50: Language Appropriateness (×0.20) | B50: =AVERAGE('Score Reconciliation'!$I$4:$I$63) | C50: =AVERAGE('Score Reconciliation'!$J$4:$J$63) | D50: =AVERAGE('Score Reconciliation'!$K$4:$K$63) | E50: =SUMPRODUCT(ABS('Score Reconciliation'!$K$4:$K$63))/COUNT('Score Reconciliation'!$K$4:$K$63) | F50: =MAX(MAX('Score Reconciliation'!$K$4:$K$63),-MIN('Score Reconciliation'!$K$4:$K$63)) | G50: =RANK(E50,$E$48:$E$51)
A51: Structure (×0.15) | B51: =AVERAGE('Score Reconciliation'!$L$4:$L$63) | C51: =AVERAGE('Score Reconciliation'!$M$4:$M$63) | D51: =AVERAGE('Score Reconciliation'!$N$4:$N$63) | E51: =SUMPRODUCT(ABS('Score Reconciliation'!$N$4:$N$63))/COUNT('Score Reconciliation'!$N$4:$N$63) | F51: =MAX(MAX('Score Reconciliation'!$N$4:$N$63),-MIN('Score Reconciliation'!$N$4:$N$63)) | G51: =RANK(E51,$E$48:$E$51)
A52: Composite (weighted) | B52: =AVERAGE('Score Reconciliation'!$O$4:$O$63) | C52: =AVERAGE('Score Reconciliation'!$P$4:$P$63) | D52: =AVERAGE('Score Reconciliation'!$Q$4:$Q$63) | E52: =SUMPRODUCT(ABS('Score Reconciliation'!$Q$4:$Q$63))/COUNT('Score Reconciliation'!$Q$4:$Q$63) | F52: =MAX(MAX('Score Reconciliation'!$Q$4:$Q$63),-MIN('Score Reconciliation'!$Q$4:$Q$63)) | G52: — (aggregate)
A53: Most-divergent dimension: | B53: =INDEX($A$48:$A$51,MATCH(MAX($E$48:$E$51),$E$48:$E$51,0))
A55: TOP-VARIANCE REPORTS | largest Gemma3-vs-Human composite disagreements
A56: Rank | B56: Random_ID | C56: Gemma3 Composite | D56: Human Composite | E56: Δ Composite (H−G) | F56: Verdict Change
A57: 1 | B57: =INDEX('Score Reconciliation'!$A$4:$A$63,MATCH(LARGE('Score Reconciliation'!$W$4:$W$63,1),'Score Reconciliation'!$W$4:$W$63,0)) | C57: =INDEX('Score Reconciliation'!$O$4:$O$63,MATCH(LARGE('Score Reconciliation'!$W$4:$W$63,1),'Score Reconciliation'!$W$4:$W$63,0)) | D57: =INDEX('Score Reconciliation'!$P$4:$P$63,MATCH(LARGE('Score Reconciliation'!$W$4:$W$63,1),'Score Reconciliation'!$W$4:$W$63,0)) | E57: =INDEX('Score Reconciliation'!$Q$4:$Q$63,MATCH(LARGE('Score Reconciliation'!$W$4:$W$63,1),'Score Reconciliation'!$W$4:$W$63,0)) | F57: =INDEX('Score Reconciliation'!$V$4:$V$63,MATCH(LARGE('Score Reconciliation'!$W$4:$W$63,1),'Score Reconciliation'!$W$4:$W$63,0))
A58: 2 | B58: =INDEX('Score Reconciliation'!$A$4:$A$63,MATCH(LARGE('Score Reconciliation'!$W$4:$W$63,2),'Score Reconciliation'!$W$4:$W$63,0)) | C58: =INDEX('Score Reconciliation'!$O$4:$O$63,MATCH(LARGE('Score Reconciliation'!$W$4:$W$63,2),'Score Reconciliation'!$W$4:$W$63,0)) | D58: =INDEX('Score Reconciliation'!$P$4:$P$63,MATCH(LARGE('Score Reconciliation'!$W$4:$W$63,2),'Score Reconciliation'!$W$4:$W$63,0)) | E58: =INDEX('Score Reconciliation'!$Q$4:$Q$63,MATCH(LARGE('Score Reconciliation'!$W$4:$W$63,2),'Score Reconciliation'!$W$4:$W$63,0)) | F58: =INDEX('Score Reconciliation'!$V$4:$V$63,MATCH(LARGE('Score Reconciliation'!$W$4:$W$63,2),'Score Reconciliation'!$W$4:$W$63,0))
A59: 3 | B59: =INDEX('Score Reconciliation'!$A$4:$A$63,MATCH(LARGE('Score Reconciliation'!$W$4:$W$63,3),'Score Reconciliation'!$W$4:$W$63,0)) | C59: =INDEX('Score Reconciliation'!$O$4:$O$63,MATCH(LARGE('Score Reconciliation'!$W$4:$W$63,3),'Score Reconciliation'!$W$4:$W$63,0)) | D59: =INDEX('Score Reconciliation'!$P$4:$P$63,MATCH(LARGE('Score Reconciliation'!$W$4:$W$63,3),'Score Reconciliation'!$W$4:$W$63,0)) | E59: =INDEX('Score Reconciliation'!$Q$4:$Q$63,MATCH(LARGE('Score Reconciliation'!$W$4:$W$63,3),'Score Reconciliation'!$W$4:$W$63,0)) | F59: =INDEX('Score Reconciliation'!$V$4:$V$63,MATCH(LARGE('Score Reconciliation'!$W$4:$W$63,3),'Score Reconciliation'!$W$4:$W$63,0))
A60: 4 | B60: =INDEX('Score Reconciliation'!$A$4:$A$63,MATCH(LARGE('Score Reconciliation'!$W$4:$W$63,4),'Score Reconciliation'!$W$4:$W$63,0)) | C60: =INDEX('Score Reconciliation'!$O$4:$O$63,MATCH(LARGE('Score Reconciliation'!$W$4:$W$63,4),'Score Reconciliation'!$W$4:$W$63,0)) | D60: =INDEX('Score Reconciliation'!$P$4:$P$63,MATCH(LARGE('Score Reconciliation'!$W$4:$W$63,4),'Score Reconciliation'!$W$4:$W$63,0)) | E60: =INDEX('Score Reconciliation'!$Q$4:$Q$63,MATCH(LARGE('Score Reconciliation'!$W$4:$W$63,4),'Score Reconciliation'!$W$4:$W$63,0)) | F60: =INDEX('Score Reconciliation'!$V$4:$V$63,MATCH(LARGE('Score Reconciliation'!$W$4:$W$63,4),'Score Reconciliation'!$W$4:$W$63,0))
A61: 5 | B61: =INDEX('Score Reconciliation'!$A$4:$A$63,MATCH(LARGE('Score Reconciliation'!$W$4:$W$63,5),'Score Reconciliation'!$W$4:$W$63,0)) | C61: =INDEX('Score Reconciliation'!$O$4:$O$63,MATCH(LARGE('Score Reconciliation'!$W$4:$W$63,5),'Score Reconciliation'!$W$4:$W$63,0)) | D61: =INDEX('Score Reconciliation'!$P$4:$P$63,MATCH(LARGE('Score Reconciliation'!$W$4:$W$63,5),'Score Reconciliation'!$W$4:$W$63,0)) | E61: =INDEX('Score Reconciliation'!$Q$4:$Q$63,MATCH(LARGE('Score Reconciliation'!$W$4:$W$63,5),'Score Reconciliation'!$W$4:$W$63,0)) | F61: =INDEX('Score Reconciliation'!$V$4:$V$63,MATCH(LARGE('Score Reconciliation'!$W$4:$W$63,5),'Score Reconciliation'!$W$4:$W$63,0))
A62: 6 | B62: =INDEX('Score Reconciliation'!$A$4:$A$63,MATCH(LARGE('Score Reconciliation'!$W$4:$W$63,6),'Score Reconciliation'!$W$4:$W$63,0)) | C62: =INDEX('Score Reconciliation'!$O$4:$O$63,MATCH(LARGE('Score Reconciliation'!$W$4:$W$63,6),'Score Reconciliation'!$W$4:$W$63,0)) | D62: =INDEX('Score Reconciliation'!$P$4:$P$63,MATCH(LARGE('Score Reconciliation'!$W$4:$W$63,6),'Score Reconciliation'!$W$4:$W$63,0)) | E62: =INDEX('Score Reconciliation'!$Q$4:$Q$63,MATCH(LARGE('Score Reconciliation'!$W$4:$W$63,6),'Score Reconciliation'!$W$4:$W$63,0)) | F62: =INDEX('Score Reconciliation'!$V$4:$V$63,MATCH(LARGE('Score Reconciliation'!$W$4:$W$63,6),'Score Reconciliation'!$W$4:$W$63,0))
A63: 7 | B63: =INDEX('Score Reconciliation'!$A$4:$A$63,MATCH(LARGE('Score Reconciliation'!$W$4:$W$63,7),'Score Reconciliation'!$W$4:$W$63,0)) | C63: =INDEX('Score Reconciliation'!$O$4:$O$63,MATCH(LARGE('Score Reconciliation'!$W$4:$W$63,7),'Score Reconciliation'!$W$4:$W$63,0)) | D63: =INDEX('Score Reconciliation'!$P$4:$P$63,MATCH(LARGE('Score Reconciliation'!$W$4:$W$63,7),'Score Reconciliation'!$W$4:$W$63,0)) | E63: =INDEX('Score Reconciliation'!$Q$4:$Q$63,MATCH(LARGE('Score Reconciliation'!$W$4:$W$63,7),'Score Reconciliation'!$W$4:$W$63,0)) | F63: =INDEX('Score Reconciliation'!$V$4:$V$63,MATCH(LARGE('Score Reconciliation'!$W$4:$W$63,7),'Score Reconciliation'!$W$4:$W$63,0))
A64: 8 | B64: =INDEX('Score Reconciliation'!$A$4:$A$63,MATCH(LARGE('Score Reconciliation'!$W$4:$W$63,8),'Score Reconciliation'!$W$4:$W$63,0)) | C64: =INDEX('Score Reconciliation'!$O$4:$O$63,MATCH(LARGE('Score Reconciliation'!$W$4:$W$63,8),'Score Reconciliation'!$W$4:$W$63,0)) | D64: =INDEX('Score Reconciliation'!$P$4:$P$63,MATCH(LARGE('Score Reconciliation'!$W$4:$W$63,8),'Score Reconciliation'!$W$4:$W$63,0)) | E64: =INDEX('Score Reconciliation'!$Q$4:$Q$63,MATCH(LARGE('Score Reconciliation'!$W$4:$W$63,8),'Score Reconciliation'!$W$4:$W$63,0)) | F64: =INDEX('Score Reconciliation'!$V$4:$V$63,MATCH(LARGE('Score Reconciliation'!$W$4:$W$63,8),'Score Reconciliation'!$W$4:$W$63,0))

Sheet Anonymization Key
A1: ANONYMIZATION KEY | ⚠ RESTRICTED
A2: Open ONLY after all evaluations are complete. Maps every Random_ID to its Report_ID, strategy, and metadata.
A3: Random_ID | B3: Report_ID | C3: Prompt_Strategy | D3: Scenario_ID | E3: Incident_Category
A4: R_0001 | B4: B_S3_SC05_I06 | C4: Strategy 3 – One-Shot + Structured Template | D4: SC05 | E4: Business Email Compromise
A5: R_0002 | B5: S_S0_SC04_I02 | C5: Baseline – Zero-Shot (minimal instruction) | D5: SC04 | E5: Supply Chain
A6: R_0003 | B6: S_S3_SC02_I10 | C6: Strategy 3 – One-Shot + Structured Template | D6: SC02 | E6: Supply Chain
A7: R_0004 | B7: R_S4_SC02_I08 | C7: Strategy 4 – One-Shot + Template + BLUF | D7: SC02 | E7: Ransomware
A8: R_0005 | B8: Z_S0_SC04_I04 | C8: Baseline – Zero-Shot (minimal instruction) | D8: SC04 | E8: Zero-Day / Edge Device
A9: R_0006 | B9: R_S1_SC05_I09 | C9: Strategy 1 – Zero-Shot + Structured Template | D9: SC05 | E9: Ransomware
A10: R_0007 | B10: B_S4_SC03_I07 | C10: Strategy 4 – One-Shot + Template + BLUF | D10: SC03 | E10: Business Email Compromise
A11: R_0008 | B11: Z_S3_SC05_I02 | C11: Strategy 3 – One-Shot + Structured Template | D11: SC05 | E11: Zero-Day / Edge Device
A12: R_0009 | B12: B_S2_SC05_I04 | C12: Strategy 2 – Zero-Shot + Template + BLUF | D12: SC05 | E12: Business Email Compromise
A13: R_0010 | B13: R_S3_SC02_I04 | C13: Strategy 3 – One-Shot + Structured Template | D13: SC02 | E13: Ransomware
A14: R_0011 | B14: Z_S1_SC01_I08 | C14: Strategy 1 – Zero-Shot + Structured Template | D14: SC01 | E14: Zero-Day / Edge Device
... A1003: R_1000 | B1003: S_S2_SC05_I07 | C1003: Strategy 2 – Zero-Shot + Template + BLUF | D1003: SC05 | E1003: Supply Chain

Sheet Score Reconciliation
A1: SCORE RECONCILIATION | Gemma3 vs Human-Analyst dual-scored reports (parsed from Blind Scoring Sheet)
A2: Each row de-concatenates a "Gemma3 | Human" cell. Left of pipe = Gemma3 (model) score; right = human analyst. Δ = Human − Gemma3. Values are live formulas; edit the Blind Scoring Sheet and they update. Sort Key column is a unique tie-broken |Δ| used by the dashboard top-variance lookup.
A3: Random_ID | B3: Src Row | C3: Gemma3 Action | D3: Human Action | E3: Δ Action | F3: Gemma3 Rigor | G3: Human Rigor | H3: Δ Rigor | I3: Gemma3 Language | J3: Human Language | K3: Δ Language | L3: Gemma3 Structure | M3: Human Structure | N3: Δ Structure | O3: Gemma3 Composite | P3: Human Composite | Q3: Δ Composite (H−G) | R3: |Δ Composite| | S3: Gemma3 P/F | T3: Human P/F | U3: P/F Changed? | V3: Flip Direction | W3: Sort Key
A4: R_0023 | B4: 26 | C4: =VALUE(TRIM(LEFT('Blind Scoring Sheet'!B26,FIND("|",'Blind Scoring Sheet'!B26)-1))) | D4: =VALUE(TRIM(MID('Blind Scoring Sheet'!B26,FIND("|",'Blind Scoring Sheet'!B26)+1,20))) | E4: =D4-C4 | F4: =VALUE(TRIM(LEFT('Blind Scoring Sheet'!D26,FIND("|",'Blind Scoring Sheet'!D26)-1))) | G4: =VALUE(TRIM(MID('Blind Scoring Sheet'!D26,FIND("|",'Blind Scoring Sheet'!D26)+1,20))) | H4: =G4-F4 | I4: =VALUE(TRIM(LEFT('Blind Scoring Sheet'!F26,FIND("|",'Blind Scoring Sheet'!F26)-1))) | J4: =VALUE(TRIM(MID('Blind Scoring Sheet'!F26,FIND("|",'Blind Scoring Sheet'!F26)+1,20))) | K4: =J4-I4 | L4: =VALUE(TRIM(LEFT('Blind Scoring Sheet'!H26,FIND("|",'Blind Scoring Sheet'!H26)-1))) | M4: =VALUE(TRIM(MID('Blind Scoring Sheet'!H26,FIND("|",'Blind Scoring Sheet'!H26)+1,20))) | N4: =M4-L4 | O4: =VALUE(TRIM(LEFT('Blind Scoring Sheet'!J26,FIND("|",'Blind Scoring Sheet'!J26)-1))) | P4: =VALUE(TRIM(MID('Blind Scoring Sheet'!J26,FIND("|",'Blind Scoring Sheet'!J26)+1,20))) | Q4: =P4-O4 | R4: =ABS(Q4) | S4: =TRIM(LEFT('Blind Scoring Sheet'!K26,FIND("|",'Blind Scoring Sheet'!K26)-1)) | T4: =TRIM(MID('Blind Scoring Sheet'!K26,FIND("|",'Blind Scoring Sheet'!K26)+1,20)) | U4: =IF(S4=T4,"No","Yes") | V4: =IF(S4=T4,"— (agree)",S4&" → "&T4) | W4: =R4+ROW()/1000000
A5: R_0037 | B5: 40 | C5: =VALUE(TRIM(LEFT('Blind Scoring Sheet'!B40,FIND("|",'Blind Scoring Sheet'!B40)-1))) | D5: =VALUE(TRIM(MID('Blind Scoring Sheet'!B40,FIND("|",'Blind Scoring Sheet'!B40)+1,20))) | E5: =D5-C5 | F5: =VALUE(TRIM(LEFT('Blind Scoring Sheet'!D40,FIND("|",'Blind Scoring Sheet'!D40)-1))) | G5: =VALUE(TRIM(MID('Blind Scoring Sheet'!D40,FIND("|",'Blind Scoring Sheet'!D40)+1,20))) | H5: =G5-F5 | I5: =VALUE(TRIM(LEFT('Blind Scoring Sheet'!F40,FIND("|",'Blind Scoring Sheet'!F40)-1))) | J5: =VALUE(TRIM(MID('Blind Scoring Sheet'!F40,FIND("|",'Blind Scoring Sheet'!F40)+1,20))) | K5: =J5-I5 | L5: =VALUE(TRIM(LEFT('Blind Scoring Sheet'!H40,FIND("|",'Blind Scoring Sheet'!H40)-1))) | M5: =VALUE(TRIM(MID('Blind Scoring Sheet'!H40,FIND("|",'Blind Scoring Sheet'!H40)+1,20))) | N5: =M5-L5 | O5: =VALUE(TRIM(LEFT('Blind Scoring Sheet'!J40,FIND("|",'Blind Scoring Sheet'!J40)-1))) | P5: =VALUE(TRIM(MID('Blind Scoring Sheet'!J40,FIND("|",'Blind Scoring Sheet'!J40)+1,20))) | Q5: =P5-O5 | R5: =ABS(Q5) | S5: =TRIM(LEFT('Blind Scoring Sheet'!K40,FIND("|",'Blind Scoring Sheet'!K40)-1)) | T5: =TRIM(MID('Blind Scoring Sheet'!K40,FIND("|",'Blind Scoring Sheet'!K40)+1,20)) | U5: =IF(S5=T5,"No","Yes") | V5: =IF(S5=T5,"— (agree)",S5&" → "&T5) | W5: =R5+ROW()/1000000
A6: R_0093 | B6: 96 | C6: =VALUE(TRIM(LEFT('Blind Scoring Sheet'!B96,FIND("|",'Blind Scoring Sheet'!B96)-1))) | D6: =VALUE(TRIM(MID('Blind Scoring Sheet'!B96,FIND("|",'Blind Scoring Sheet'!B96)+1,20))) | E6: =D6-C6 | F6: =VALUE(TRIM(LEFT('Blind Scoring Sheet'!D96,FIND("|",'Blind Scoring Sheet'!D96)-1))) | G6: =VALUE(TRIM(MID('Blind Scoring Sheet'!D96,FIND("|",'Blind Scoring Sheet'!D96)+1,20))) | H6: =G6-F6 | I6: =VALUE(TRIM(LEFT('Blind Scoring Sheet'!F96,FIND("|",'Blind Scoring Sheet'!F96)-1))) | J6: =VALUE(TRIM(MID('Blind Scoring Sheet'!F96,FIND("|",'Blind Scoring Sheet'!F96)+1,20))) | K6: =J6-I6 | L6: =VALUE(TRIM(LEFT('Blind Scoring Sheet'!H96,FIND("|",'Blind Scoring Sheet'!H96)-1))) | M6: =VALUE(TRIM(MID('Blind Scoring Sheet'!H96,FIND("|",'Blind Scoring Sheet'!H96)+1,20))) | N6: =M6-L6 | O6: =VALUE(TRIM(LEFT('Blind Scoring Sheet'!J96,FIND("|",'Blind Scoring Sheet'!J96)-1))) | P6: =VALUE(TRIM(MID('Blind Scoring Sheet'!J96,FIND("|",'Blind Scoring Sheet'!J96)+1,20))) | Q6: =P6-O6 | R6: =ABS(Q6) | S6: =TRIM(LEFT('Blind Scoring Sheet'!K96,FIND("|",'Blind Scoring Sheet'!K96)-1)) | T6: =TRIM(MID('Blind Scoring Sheet'!K96,FIND("|",'Blind Scoring Sheet'!K96)+1,20)) | U6: =IF(S6=T6,"No","Yes") | V6: =IF(S6=T6,"— (agree)",S6&" → "&T6) | W6: =R6+ROW()/1000000
A7: R_0100 | B7: 103 | C7: =VALUE(TRIM(LEFT('Blind Scoring Sheet'!B103,FIND("|",'Blind Scoring Sheet'!B103)-1))) | D7: =VALUE(TRIM(MID('Blind Scoring Sheet'!B103,FIND("|",'Blind Scoring Sheet'!B103)+1,20))) | E7: =D7-C7 | F7: =VALUE(TRIM(LEFT('Blind Scoring Sheet'!D103,FIND("|",'Blind Scoring Sheet'!D103)-1))) | G7: =VALUE(TRIM(MID('Blind Scoring Sheet'!D103,FIND("|",'Blind Scoring Sheet'!D103)+1,20))) | H7: =G7-F7 | I7: =VALUE(TRIM(LEFT('Blind Scoring Sheet'!F103,FIND("|",'Blind Scoring Sheet'!F103)-1))) | J7: =VALUE(TRIM(MID('Blind Scoring Sheet'!F103,FIND("|",'Blind Scoring Sheet'!F103)+1,20))) | K7: =J7-I7 | L7: =VALUE(TRIM(LEFT('Blind Scoring Sheet'!H103,FIND("|",'Blind Scoring Sheet'!H103)-1))) | M7: =VALUE(TRIM(MID('Blind Scoring Sheet'!H103,FIND("|",'Blind Scoring Sheet'!H103)+1,20))) | N7: =M7-L7 | O7: =VALUE(TRIM(LEFT('Blind Scoring Sheet'!J103,FIND("|",'Blind Scoring Sheet'!J103)-1))) | P7: =VALUE(TRIM(MID('Blind Scoring Sheet'!J103,FIND("|",'Blind Scoring Sheet'!J103)+1,20))) | Q7: =P7-O7 | R7: =ABS(Q7) | S7: =TRIM(LEFT('Blind Scoring Sheet'!K103,FIND("|",'Blind Scoring Sheet'!K103)-1)) | T7: =TRIM(MID('Blind Scoring Sheet'!K103,FIND("|",'Blind Scoring Sheet'!K103)+1,20)) | U7: =IF(S7=T7,"No","Yes") | V7: =IF(S7=T7,"— (agree)",S7&" → "&T7) | W7: =R7+ROW()/1000000
A8: R_0120 | B8: 123 | C8: =VALUE(TRIM(LEFT('Blind Scoring Sheet'!B123,FIND("|",'Blind Scoring Sheet'!B123)-1))) | D8: =VALUE(TRIM(MID('Blind Scoring Sheet'!B123,FIND("|",'Blind Scoring Sheet'!B123)+1,20))) | E8: =D8-C8 | F8: =VALUE(TRIM(LEFT('Blind Scoring Sheet'!D123,FIND("|",'Blind Scoring Sheet'!D123)-1))) | G8: =VALUE(TRIM(MID('Blind Scoring Sheet'!D123,FIND("|",'Blind Scoring Sheet'!D123)+1,20))) | H8: =G8-F8 | I8: =VALUE(TRIM(LEFT('Blind Scoring Sheet'!F123,FIND("|",'Blind Scoring Sheet'!F123)-1))) | J8: =VALUE(TRIM(MID('Blind Scoring Sheet'!F123,FIND("|",'Blind Scoring Sheet'!F123)+1,20))) | K8: =J8-I8 | L8: =VALUE(TRIM(LEFT('Blind Scoring Sheet'!H123,FIND("|",'Blind Scoring Sheet'!H123)-1))) | M8: =VALUE(TRIM(MID('Blind Scoring Sheet'!H123,FIND("|",'Blind Scoring Sheet'!H123)+1,20))) | N8: =M8-L8 | O8: =VALUE(TRIM(LEFT('Blind Scoring Sheet'!J123,FIND("|",'Blind Scoring Sheet'!J123)-1))) | P8: =VALUE(TRIM(MID('Blind Scoring Sheet'!J123,FIND("|",'Blind Scoring Sheet'!J123)+1,20))) | Q8: =P8-O8 | R8: =ABS(Q8) | S8: =TRIM(LEFT('Blind Scoring Sheet'!K123,FIND("|",'Blind Scoring Sheet'!K123)-1)) | T8: =TRIM(MID('Blind Scoring Sheet'!K123,FIND("|",'Blind Scoring Sheet'!K123)+1,20)) | U8: =IF(S8=T8,"No","Yes") | V8: =IF(S8=T8,"— (agree)",S8&" → "&T8) | W8: =R8+ROW()/1000000
A9: R_0134 | B9: 137 | C9: =VALUE(TRIM(LEFT('Blind Scoring Sheet'!B137,FIND("|",'Blind Scoring Sheet'!B137)-1))) | D9: =VALUE(TRIM(MID('Blind Scoring Sheet'!B137,FIND("|",'Blind Scoring Sheet'!B137)+1,20))) | E9: =D9-C9 | F9: =VALUE(TRIM(LEFT('Blind Scoring Sheet'!D137,FIND("|",'Blind Scoring Sheet'!D137)-1))) | G9: =VALUE(TRIM(MID('Blind Scoring Sheet'!D137,FIND("|",'Blind Scoring Sheet'!D137)+1,20))) | H9: =G9-F9 | I9: =VALUE(TRIM(LEFT('Blind Scoring Sheet'!F137,FIND("|",'Blind Scoring Sheet'!F137)-1))) | J9: =VALUE(TRIM(MID('Blind Scoring Sheet'!F137,FIND("|",'Blind Scoring Sheet'!F137)+1,20))) | K9: =J9-I9 | L9: =VALUE(TRIM(LEFT('Blind Scoring Sheet'!H137,FIND("|",'Blind Scoring Sheet'!H137)-1))) | M9: =VALUE(TRIM(MID('Blind Scoring Sheet'!H137,FIND("|",'Blind Scoring Sheet'!H137)+1,20))) | N9: =M9-L9 | O9: =VALUE(TRIM(LEFT('Blind Scoring Sheet'!J137,FIND("|",'Blind Scoring Sheet'!J137)-1))) | P9: =VALUE(TRIM(MID('Blind Scoring Sheet'!J137,FIND("|",'Blind Scoring Sheet'!J137)+1,20))) | Q9: =P9-O9 | R9: =ABS(Q9) | S9: =TRIM(LEFT('Blind Scoring Sheet'!K137,FIND("|",'Blind Scoring Sheet'!K137)-1)) | T9: =TRIM(MID('Blind Scoring Sheet'!K137,FIND("|",'Blind Scoring Sheet'!K137)+1,20)) | U9: =IF(S9=T9,"No","Yes") | V9: =IF(S9=T9,"— (agree)",S9&" → "&T9) | W9: =R9+ROW()/1000000
A10: R_0139 | B10: 142 | C10: =VALUE(TRIM(LEFT('Blind Scoring Sheet'!B142,FIND("|",'Blind Scoring Sheet'!B142)-1))) | D10: =VALUE(TRIM(MID('Blind Scoring Sheet'!B142,FIND("|",'Blind Scoring Sheet'!B142)+1,20))) | E10: =D10-C10 | F10: =VALUE(TRIM(LEFT('Blind Scoring Sheet'!D142,FIND("|",'Blind Scoring Sheet'!D142)-1))) | G10: =VALUE(TRIM(MID('Blind Scoring Sheet'!D142,FIND("|",'Blind Scoring Sheet'!D142)+1,20))) | H10: =G10-F10 | I10: =VALUE(TRIM(LEFT('Blind Scoring Sheet'!F142,FIND("|",'Blind Scoring Sheet'!F142)-1))) | J10: =VALUE(TRIM(MID('Blind Scoring Sheet'!F142,FIND("|",'Blind Scoring Sheet'!F142)+1,20))) | K10: =J10-I10 | L10: =VALUE(TRIM(LEFT('Blind Scoring Sheet'!H142,FIND("|",'Blind Scoring Sheet'!H142)-1))) | M10: =VALUE(TRIM(MID('Blind Scoring Sheet'!H142,FIND("|",'Blind Scoring Sheet'!H142)+1,20))) | N10: =M10-L10 | O10: =VALUE(TRIM(LEFT('Blind Scoring Sheet'!J142,FIND("|",'Blind Scoring Sheet'!J142)-1))) | P10: =VALUE(TRIM(MID('Blind Scoring Sheet'!J142,FIND("|",'Blind Scoring Sheet'!J142)+1,20))) | Q10: =P10-O10 | R10: =ABS(Q10) | S10: =TRIM(LEFT('Blind Scoring Sheet'!K142,FIND("|",'Blind Scoring Sheet'!K142)-1)) | T10: =TRIM(MID('Blind Scoring Sheet'!K142,FIND("|",'Blind Scoring Sheet'!K142)+1,20)) | U10: =IF(S10=T10,"No","Yes") | V10: =IF(S10=T10,"— (agree)",S10&" → "&T10) | W10: =R10+ROW()/1000000
A11: R_0171 | B11: 174 | C11: =VALUE(TRIM(LEFT('Blind Scoring Sheet'!B174,FIND("|",'Blind Scoring Sheet'!B174)-1))) | D11: =VALUE(TRIM(MID('Blind Scoring Sheet'!B174,FIND("|",'Blind Scoring Sheet'!B174)+1,20))) | E11: =D11-C11 | F11: =VALUE(TRIM(LEFT('Blind Scoring Sheet'!D174,FIND("|",'Blind Scoring Sheet'!D174)-1))) | G11: =VALUE(TRIM(MID('Blind Scoring Sheet'!D174,FIND("|",'Blind Scoring Sheet'!D174)+1,20))) | H11: =G11-F11 | I11: =VALUE(TRIM(LEFT('Blind Scoring Sheet'!F174,FIND("|",'Blind Scoring Sheet'!F174)-1))) | J11: =VALUE(TRIM(MID('Blind Scoring Sheet'!F174,FIND("|",'Blind Scoring Sheet'!F174)+1,20))) | K11: =J11-I11 | L11: =VALUE(TRIM(LEFT('Blind Scoring Sheet'!H174,FIND("|",'Blind Scoring Sheet'!H174)-1))) | M11: =VALUE(TRIM(MID('Blind Scoring Sheet'!H174,FIND("|",'Blind Scoring Sheet'!H174)+1,20))) | N11: =M11-L11 | O11: =VALUE(TRIM(LEFT('Blind Scoring Sheet'!J174,FIND("|",'Blind Scoring Sheet'!J174)-1))) | P11: =VALUE(TRIM(MID('Blind Scoring Sheet'!J174,FIND("|",'Blind Scoring Sheet'!J174)+1,20))) | Q11: =P11-O11 | R11: =ABS(Q11) | S11: =TRIM(LEFT('Blind Scoring Sheet'!K174,FIND("|",'Blind Scoring Sheet'!K174)-1)) | T11: =TRIM(MID('Blind Scoring Sheet'!K174,FIND("|",'Blind Scoring Sheet'!K174)+1,20)) | U11: =IF(S11=T11,"No","Yes") | V11: =IF(S11=T11,"— (agree)",S11&" → "&T11) | W11: =R11+ROW()/1000000
A12: R_0186 | B12: 189 | C12: =VALUE(TRIM(LEFT('Blind Scoring Sheet'!B189,FIND("|",'Blind Scoring Sheet'!B189)-1))) | D12: =VALUE(TRIM(MID('Blind Scoring Sheet'!B189,FIND("|",'Blind Scoring Sheet'!B189)+1,20))) | E12: =D12-C12 | F12: =VALUE(TRIM(LEFT('Blind Scoring Sheet'!D189,FIND("|",'Blind Scoring Sheet'!D189)-1))) | G12: =VALUE(TRIM(MID('Blind Scoring Sheet'!D189,FIND("|",'Blind Scoring Sheet'!D189)+1,20))) | H12: =G12-F12 | I12: =VALUE(TRIM(LEFT('Blind Scoring Sheet'!F189,FIND("|",'Blind Scoring Sheet'!F189)-1))) | J12: =VALUE(TRIM(MID('Blind Scoring Sheet'!F189,FIND("|",'Blind Scoring Sheet'!F189)+1,20))) | K12: =J12-I12 | L12: =VALUE(TRIM(LEFT('Blind Scoring Sheet'!H189,FIND("|",'Blind Scoring Sheet'!H189)-1))) | M12: =VALUE(TRIM(MID('Blind Scoring Sheet'!H189,FIND("|",'Blind Scoring Sheet'!H189)+1,20))) | N12: =M12-L12 | O12: =VALUE(TRIM(LEFT('Blind Scoring Sheet'!J189,FIND("|",'Blind Scoring Sheet'!J189)-1))) | P12: =VALUE(TRIM(MID('Blind Scoring Sheet'!J189,FIND("|",'Blind Scoring Sheet'!J189)+1,20))) | Q12: =P12-O12 | R12: =ABS(Q12) | S12: =TRIM(LEFT('Blind Scoring Sheet'!K189,FIND("|",'Blind Scoring Sheet'!K189)-1)) | T12: =TRIM(MID('Blind Scoring Sheet'!K189,FIND("|",'Blind Scoring Sheet'!K189)+1,20)) | U12: =IF(S12=T12,"No","Yes") | V12: =IF(S12=T12,"— (agree)",S12&" → "&T12) | W12: =R12+ROW()/1000000
A13: R_0190 | B13: 193 | C13: =VALUE(TRIM(LEFT('Blind Scoring Sheet'!B193,FIND("|",'Blind Scoring Sheet'!B193)-1))) | D13: =VALUE(TRIM(MID('Blind Scoring Sheet'!B193,FIND("|",'Blind Scoring Sheet'!B193)+1,20))) | E13: =D13-C13 | F13: =VALUE(TRIM(LEFT('Blind Scoring Sheet'!D193,FIND("|",'Blind Scoring Sheet'!D193)-1))) | G13: =VALUE(TRIM(MID('Blind Scoring Sheet'!D193,FIND("|",'Blind Scoring Sheet'!D193)+1,20))) | H13: =G13-F13 | I13: =VALUE(TRIM(LEFT('Blind Scoring Sheet'!F193,FIND("|",'Blind Scoring Sheet'!F193)-1))) | J13: =VALUE(TRIM(MID('Blind Scoring Sheet'!F193,FIND("|",'Blind Scoring Sheet'!F193)+1,20))) | K13: =J13-I13 | L13: =VALUE(TRIM(LEFT('Blind Scoring Sheet'!H193,FIND("|",'Blind Scoring Sheet'!H193)-1))) | M13: =VALUE(TRIM(MID('Blind Scoring Sheet'!H193,FIND("|",'Blind Scoring Sheet'!H193)+1,20))) | N13: =M13-L13 | O13: =VALUE(TRIM(LEFT('Blind Scoring Sheet'!J193,FIND("|",'Blind Scoring Sheet'!J193)-1))) | P13: =VALUE(TRIM(MID('Blind Scoring Sheet'!J193,FIND("|",'Blind Scoring Sheet'!J193)+1,20))) | Q13: =P13-O13 | R13: =ABS(Q13) | S13: =TRIM(LEFT('Blind Scoring Sheet'!K193,FIND("|",'Blind Scoring Sheet'!K193)-1)) | T13: =TRIM(MID('Blind Scoring Sheet'!K193,FIND("|",'Blind Scoring Sheet'!K193)+1,20)) | U13: =IF(S13=T13,"No","Yes") | V13: =IF(S13=T13,"— (agree)",S13&" → "&T13) | W13: =R13+ROW()/1000000
A14: R_0193 | B14: 196 | C14: =VALUE(TRIM(LEFT('Blind Scoring Sheet'!B196,FIND("|",'Blind Scoring Sheet'!B196)-1))) | D14: =VALUE(TRIM(MID('Blind Scoring Sheet'!B196,FIND("|",'Blind Scoring Sheet'!B196)+1,20))) | E14: =D14-C14 | F14: =VALUE(TRIM(LEFT('Blind Scoring Sheet'!D196,FIND("|",'Blind Scoring Sheet'!D196)-1))) | G14: =VALUE(TRIM(MID('Blind Scoring Sheet'!D196,FIND("|",'Blind Scoring Sheet'!D196)+1,20))) | H14: =G14-F14 | I14: =VALUE(TRIM(LEFT('Blind Scoring Sheet'!F196,FIND("|",'Blind Scoring Sheet'!F196)-1))) | J14: =VALUE(TRIM(MID('Blind Scoring Sheet'!F196,FIND("|",'Blind Scoring Sheet'!F196)+1,20))) | K14: =J14-I14 | L14: =VALUE(TRIM(LEFT('Blind Scoring Sheet'!H196,FIND("|",'Blind Scoring Sheet'!H196)-1))) | M14: =VALUE(TRIM(MID('Blind Scoring Sheet'!H196,FIND("|",'Blind Scoring Sheet'!H196)+1,20))) | N14: =M14-L14 | O14: =VALUE(TRIM(LEFT('Blind Scoring Sheet'!J196,FIND("|",'Blind Scoring Sheet'!J196)-1))) | P14: =VALUE(TRIM(MID('Blind Scoring Sheet'!J196,FIND("|",'Blind Scoring Sheet'!J196)+1,20))) | Q14: =P14-O14 | R14: =ABS(Q14) | S14: =TRIM(LEFT('Blind Scoring Sheet'!K196,FIND("|",'Blind Scoring Sheet'!K196)-1)) | T14: =TRIM(MID('Blind Scoring Sheet'!K196,FIND("|",'Blind Scoring Sheet'!K196)+1,20)) | U14: =IF(S14=T14,"No","Yes") | V14: =IF(S14=T14,"— (agree)",S14&" → "&T14) | W14: =R14+ROW()/1000000
A15: R_0205 | B15: 208 | C15: =VALUE(TRIM(LEFT('Blind Scoring Sheet'!B208,FIND("|",'Blind Scoring Sheet'!B208)-1))) | D15: =VALUE(TRIM(MID('Blind Scoring Sheet'!B208,FIND("|",'Blind Scoring Sheet'!B208)+1,20))) | E15: =D15-C15 | F15: =VALUE(TRIM(LEFT('Blind Scoring Sheet'!D208,FIND("|",'Blind Scoring Sheet'!D208)-1))) | G15: =VALUE(TRIM(MID('Blind Scoring Sheet'!D208,FIND("|",'Blind Scoring Sheet'!D208)+1,20))) | H15: =G15-F15 | I15: =VALUE(TRIM(LEFT('Blind Scoring Sheet'!F208,FIND("|",'Blind Scoring Sheet'!F208)-1))) | J15: =VALUE(TRIM(MID('Blind Scoring Sheet'!F208,FIND("|",'Blind Scoring Sheet'!F208)+1,20))) | K15: =J15-I15 | L15: =VALUE(TRIM(LEFT('Blind Scoring Sheet'!H208,FIND("|",'Blind Scoring Sheet'!H208)-1))) | M15: =VALUE(TRIM(MID('Blind Scoring Sheet'!H208,FIND("|",'Blind Scoring Sheet'!H208)+1,20))) | N15: =M15-L15 | O15: =VALUE(TRIM(LEFT('Blind Scoring Sheet'!J208,FIND("|",'Blind Scoring Sheet'!J208)-1))) | P15: =VALUE(TRIM(MID('Blind Scoring Sheet'!J208,FIND("|",'Blind Scoring Sheet'!J208)+1,20))) | Q15: =P15-O15 | R15: =ABS(Q15) | S15: =TRIM(LEFT('Blind Scoring Sheet'!K208,FIND("|",'Blind Scoring Sheet'!K208)-1)) | T15: =TRIM(MID('Blind Scoring Sheet'!K208,FIND("|",'Blind Scoring Sheet'!K208)+1,20)) | U15: =IF(S15=T15,"No","Yes") | V15: =IF(S15=T15,"— (agree)",S15&" → "&T15) | W15: =R15+ROW()/1000000
A16: R_0223 | B16: 226 | C16: =VALUE(TRIM(LEFT('Blind Scoring Sheet'!B226,FIND("|",'Blind Scoring Sheet'!B226)-1))) | D16: =VALUE(TRIM(MID('Blind Scoring Sheet'!B226,FIND("|",'Blind Scoring Sheet'!B226)+1,20))) | E16: =D16-C16 | F16: =VALUE(TRIM(LEFT('Blind Scoring Sheet'!D226,FIND("|",'Blind Scoring Sheet'!D226)-1))) | G16: =VALUE(TRIM(MID('Blind Scoring Sheet'!D226,FIND("|",'Blind Scoring Sheet'!D226)+1,20))) | H16: =G16-F16 | I16: =VALUE(TRIM(LEFT('Blind Scoring Sheet'!F226,FIND("|",'Blind Scoring Sheet'!F226)-1))) | J16: =VALUE(TRIM(MID('Blind Scoring Sheet'!F226,FIND("|",'Blind Scoring Sheet'!F226)+1,20))) | K16: =J16-I16 | L16: =VALUE(TRIM(LEFT('Blind Scoring Sheet'!H226,FIND("|",'Blind Scoring Sheet'!H226)-1))) | M16: =VALUE(TRIM(MID('Blind Scoring Sheet'!H226,FIND("|",'Blind Scoring Sheet'!H226)+1,20))) | N16: =M16-L16 | O16: =VALUE(TRIM(LEFT('Blind Scoring Sheet'!J226,FIND("|",'Blind Scoring Sheet'!J226)-1))) | P16: =VALUE(TRIM(MID('Blind Scoring Sheet'!J226,FIND("|",'Blind Scoring Sheet'!J226)+1,20))) | Q16: =P16-O16 | R16: =ABS(Q16) | S16: =TRIM(LEFT('Blind Scoring Sheet'!K226,FIND("|",'Blind Scoring Sheet'!K226)-1)) | T16: =TRIM(MID('Blind Scoring Sheet'!K226,FIND("|",'Blind Scoring Sheet'!K226)+1,20)) | U16: =IF(S16=T16,"No","Yes") | V16: =IF(S16=T16,"— (agree)",S16&" → "&T16) | W16: =R16+ROW()/1000000
A17: R_0232 | B17: 235 | C17: =VALUE(TRIM(LEFT('Blind Scoring Sheet'!B235,FIND("|",'Blind Scoring Sheet'!B235)-1))) | D17: =VALUE(TRIM(MID('Blind Scoring Sheet'!B235,FIND("|",'Blind Scoring Sheet'!B235)+1,20))) | E17: =D17-C17 | F17: =VALUE(TRIM(LEFT('Blind Scoring Sheet'!D235,FIND("|",'Blind Scoring Sheet'!D235)-1))) | G17: =VALUE(TRIM(MID('Blind Scoring Sheet'!D235,FIND("|",'Blind Scoring Sheet'!D235)+1,20))) | H17: =G17-F17 | I17: =VALUE(TRIM(LEFT('Blind Scoring Sheet'!F235,FIND("|",'Blind Scoring Sheet'!F235)-1))) | J17: =VALUE(TRIM(MID('Blind Scoring Sheet'!F235,FIND("|",'Blind Scoring Sheet'!F235)+1,20))) | K17: =J17-I17 | L17: =VALUE(TRIM(LEFT('Blind Scoring Sheet'!H235,FIND("|",'Blind Scoring Sheet'!H235)-1))) | M17: =VALUE(TRIM(MID('Blind Scoring Sheet'!H235,FIND("|",'Blind Scoring Sheet'!H235)+1,20))) | N17: =M17-L17 | O17: =VALUE(TRIM(LEFT('Blind Scoring Sheet'!J235,FIND("|",'Blind Scoring Sheet'!J235)-1))) | P17: =VALUE(TRIM(MID('Blind Scoring Sheet'!J235,FIND("|",'Blind Scoring Sheet'!J235)+1,20))) | Q17: =P17-O17 | R17: =ABS(Q17) | S17: =TRIM(LEFT('Blind Scoring Sheet'!K235,FIND("|",'Blind Scoring Sheet'!K235)-1)) | T17: =TRIM(MID('Blind Scoring Sheet'!K235,FIND("|",'Blind Scoring Sheet'!K235)+1,20)) | U17: =IF(S17=T17,"No","Yes") | V17: =IF(S17=T17,"— (agree)",S17&" → "&T17) | W17: =R17+ROW()/1000000
A18: R_0261 | B18: 264 | C18: =VALUE(TRIM(LEFT('Blind Scoring Sheet'!B264,FIND("|",'Blind Scoring Sheet'!B264)-1))) | D18: =VALUE(TRIM(MID('Blind Scoring Sheet'!B264,FIND("|",'Blind Scoring Sheet'!B264)+1,20))) | E18: =D18-C18 | F18: =VALUE(TRIM(LEFT('Blind Scoring Sheet'!D264,FIND("|",'Blind Scoring Sheet'!D264)-1))) | G18: =VALUE(TRIM(MID('Blind Scoring Sheet'!D264,FIND("|",'Blind Scoring Sheet'!D264)+1,20))) | H18: =G18-F18 | I18: =VALUE(TRIM(LEFT('Blind Scoring Sheet'!F264,FIND("|",'Blind Scoring Sheet'!F264)-1))) | J18: =VALUE(TRIM(MID('Blind Scoring Sheet'!F264,FIND("|",'Blind Scoring Sheet'!F264)+1,20))) | K18: =J18-I18 | L18: =VALUE(TRIM(LEFT('Blind Scoring Sheet'!H264,FIND("|",'Blind Scoring Sheet'!H264)-1))) | M18: =VALUE(TRIM(MID('Blind Scoring Sheet'!H264,FIND("|",'Blind Scoring Sheet'!H264)+1,20))) | N18: =M18-L18 | O18: =VALUE(TRIM(LEFT('Blind Scoring Sheet'!J264,FIND("|",'Blind Scoring Sheet'!J264)-1))) | P18: =VALUE(TRIM(MID('Blind Scoring Sheet'!J264,FIND("|",'Blind Scoring Sheet'!J264)+1,20))) | Q18: =P18-O18 | R18: =ABS(Q18) | S18: =TRIM(LEFT('Blind Scoring Sheet'!K264,FIND("|",'Blind Scoring Sheet'!K264)-1)) | T18: =TRIM(MID('Blind Scoring Sheet'!K264,FIND("|",'Blind Scoring Sheet'!K264)+1,20)) | U18: =IF(S18=T18,"No","Yes") | V18: =IF(S18=T18,"— (agree)",S18&" → "&T18) | W18: =R18+ROW()/1000000
A19: R_0285 | B19: 288 | C19: =VALUE(TRIM(LEFT('Blind Scoring Sheet'!B288,FIND("|",'Blind Scoring Sheet'!B288)-1))) | D19: =VALUE(TRIM(MID('Blind Scoring Sheet'!B288,FIND("|",'Blind Scoring Sheet'!B288)+1,20))) | E19: =D19-C19 | F19: =VALUE(TRIM(LEFT('Blind Scoring Sheet'!D288,FIND("|",'Blind Scoring Sheet'!D288)-1))) | G19: =VALUE(TRIM(MID('Blind Scoring Sheet'!D288,FIND("|",'Blind Scoring Sheet'!D288)+1,20))) | H19: =G19-F19 | I19: =VALUE(TRIM(LEFT('Blind Scoring Sheet'!F288,FIND("|",'Blind Scoring Sheet'!F288)-1))) | J19: =VALUE(TRIM(MID('Blind Scoring Sheet'!F288,FIND("|",'Blind Scoring Sheet'!F288)+1,20))) | K19: =J19-I19 | L19: =VALUE(TRIM(LEFT('Blind Scoring Sheet'!H288,FIND("|",'Blind Scoring Sheet'!H288)-1))) | M19: =VALUE(TRIM(MID('Blind Scoring Sheet'!H288,FIND("|",'Blind Scoring Sheet'!H288)+1,20))) | N19: =M19-L19 | O19: =VALUE(TRIM(LEFT('Blind Scoring Sheet'!J288,FIND("|",'Blind Scoring Sheet'!J288)-1))) | P19: =VALUE(TRIM(MID('Blind Scoring Sheet'!J288,FIND("|",'Blind Scoring Sheet'!J288)+1,20))) | Q19: =P19-O19 | R19: =ABS(Q19) | S19: =TRIM(LEFT('Blind Scoring Sheet'!K288,FIND("|",'Blind Scoring Sheet'!K288)-1)) | T19: =TRIM(MID('Blind Scoring Sheet'!K288,FIND("|",'Blind Scoring Sheet'!K288)+1,20)) | U19: =IF(S19=T19,"No","Yes") | V19: =IF(S19=T19,"— (agree)",S19&" → "&T19) | W19: =R19+ROW()/1000000
A20: R_0294 | B20: 297 | C20: =VALUE(TRIM(LEFT('Blind Scoring Sheet'!B297,FIND("|",'Blind Scoring Sheet'!B297)-1))) | D20: =VALUE(TRIM(MID('Blind Scoring Sheet'!B297,FIND("|",'Blind Scoring Sheet'!B297)+1,20))) | E20: =D20-C20 | F20: =VALUE(TRIM(LEFT('Blind Scoring Sheet'!D297,FIND("|",'Blind Scoring Sheet'!D297)-1))) | G20: =VALUE(TRIM(MID('Blind Scoring Sheet'!D297,FIND("|",'Blind Scoring Sheet'!D297)+1,20))) | H20: =G20-F20 | I20: =VALUE(TRIM(LEFT('Blind Scoring Sheet'!F297,FIND("|",'Blind Scoring Sheet'!F297)-1))) | J20: =VALUE(TRIM(MID('Blind Scoring Sheet'!F297,FIND("|",'Blind Scoring Sheet'!F297)+1,20))) | K20: =J20-I20 | L20: =VALUE(TRIM(LEFT('Blind Scoring Sheet'!H297,FIND("|",'Blind Scoring Sheet'!H297)-1))) | M20: =VALUE(TRIM(MID('Blind Scoring Sheet'!H297,FIND("|",'Blind Scoring Sheet'!H297)+1,20))) | N20: =M20-L20 | O20: =VALUE(TRIM(LEFT('Blind Scoring Sheet'!J297,FIND("|",'Blind Scoring Sheet'!J297)-1))) | P20: =VALUE(TRIM(MID('Blind Scoring Sheet'!J297,FIND("|",'Blind Scoring Sheet'!J297)+1,20))) | Q20: =P20-O20 | R20: =ABS(Q20) | S20: =TRIM(LEFT('Blind Scoring Sheet'!K297,FIND("|",'Blind Scoring Sheet'!K297)-1)) | T20: =TRIM(MID('Blind Scoring Sheet'!K297,FIND("|",'Blind Scoring Sheet'!K297)+1,20)) | U20: =IF(S20=T20,"No","Yes") | V20: =IF(S20=T20,"— (agree)",S20&" → "&T20) | W20: =R20+ROW()/1000000
A21: R_0353 | B21: 356 | C21: =VALUE(TRIM(LEFT('Blind Scoring Sheet'!B356,FIND("|",'Blind Scoring Sheet'!B356)-1))) | D21: =VALUE(TRIM(MID('Blind Scoring Sheet'!B356,FIND("|",'Blind Scoring Sheet'!B356)+1,20))) | E21: =D21-C21 | F21: =VALUE(TRIM(LEFT('Blind Scoring Sheet'!D356,FIND("|",'Blind Scoring Sheet'!D356)-1))) | G21: =VALUE(TRIM(MID('Blind Scoring Sheet'!D356,FIND("|",'Blind Scoring Sheet'!D356)+1,20))) | H21: =G21-F21 | I21: =VALUE(TRIM(LEFT('Blind Scoring Sheet'!F356,FIND("|",'Blind Scoring Sheet'!F356)-1))) | J21: =VALUE(TRIM(MID('Blind Scoring Sheet'!F356,FIND("|",'Blind Scoring Sheet'!F356)+1,20))) | K21: =J21-I21 | L21: =VALUE(TRIM(LEFT('Blind Scoring Sheet'!H356,FIND("|",'Blind Scoring Sheet'!H356)-1))) | M21: =VALUE(TRIM(MID('Blind Scoring Sheet'!H356,FIND("|",'Blind Scoring Sheet'!H356)+1,20))) | N21: =M21-L21 | O21: =VALUE(TRIM(LEFT('Blind Scoring Sheet'!J356,FIND("|",'Blind Scoring Sheet'!J356)-1))) | P21: =VALUE(TRIM(MID('Blind Scoring Sheet'!J356,FIND("|",'Blind Scoring Sheet'!J356)+1,20))) | Q21: =P21-O21 | R21: =ABS(Q21) | S21: =TRIM(LEFT('Blind Scoring Sheet'!K356,FIND("|",'Blind Scoring Sheet'!K356)-1)) | T21: =TRIM(MID('Blind Scoring Sheet'!K356,FIND("|",'Blind Scoring Sheet'!K356)+1,20)) | U21: =IF(S21=T21,"No","Yes") | V21: =IF(S21=T21,"— (agree)",S21&" → "&T21) | W21: =R21+ROW()/1000000
A22: R_0366 | B22: 369 | C22: =VALUE(TRIM(LEFT('Blind Scoring Sheet'!B369,FIND("|",'Blind Scoring Sheet'!B369)-1))) | D22: =VALUE(TRIM(MID('Blind Scoring Sheet'!B369,FIND("|",'Blind Scoring Sheet'!B369)+1,20))) | E22: =D22-C22 | F22: =VALUE(TRIM(LEFT('Blind Scoring Sheet'!D369,FIND("|",'Blind Scoring Sheet'!D369)-1))) | G22: =VALUE(TRIM(MID('Blind Scoring Sheet'!D369,FIND("|",'Blind Scoring Sheet'!D369)+1,20))) | H22: =G22-F22 | I22: =VALUE(TRIM(LEFT('Blind Scoring Sheet'!F369,FIND("|",'Blind Scoring Sheet'!F369)-1))) | J22: =VALUE(TRIM(MID('Blind Scoring Sheet'!F369,FIND("|",'Blind Scoring Sheet'!F369)+1,20))) | K22: =J22-I22 | L22: =VALUE(TRIM(LEFT('Blind Scoring Sheet'!H369,FIND("|",'Blind Scoring Sheet'!H369)-1))) | M22: =VALUE(TRIM(MID('Blind Scoring Sheet'!H369,FIND("|",'Blind Scoring Sheet'!H369)+1,20))) | N22: =M22-L22 | O22: =VALUE(TRIM(LEFT('Blind Scoring Sheet'!J369,FIND("|",'Blind Scoring Sheet'!J369)-1))) | P22: =VALUE(TRIM(MID('Blind Scoring Sheet'!J369,FIND("|",'Blind Scoring Sheet'!J369)+1,20))) | Q22: =P22-O22 | R22: =ABS(Q22) | S22: =TRIM(LEFT('Blind Scoring Sheet'!K369,FIND("|",'Blind Scoring Sheet'!K369)-1)) | T22: =TRIM(MID('Blind Scoring Sheet'!K369,FIND("|",'Blind Scoring Sheet'!K369)+1,20)) | U22: =IF(S22=T22,"No","Yes") | V22: =IF(S22=T22,"— (agree)",S22&" → "&T22) | W22: =R22+ROW()/1000000
A23: R_0390 | B23: 393 | C23: =VALUE(TRIM(LEFT('Blind Scoring Sheet'!B393,FIND("|",'Blind Scoring Sheet'!B393)-1))) | D23: =VALUE(TRIM(MID('Blind Scoring Sheet'!B393,FIND("|",'Blind Scoring Sheet'!B393)+1,20))) | E23: =D23-C23 | F23: =VALUE(TRIM(LEFT('Blind Scoring Sheet'!D393,FIND("|",'Blind Scoring Sheet'!D393)-1))) | G23: =VALUE(TRIM(MID('Blind Scoring Sheet'!D393,FIND("|",'Blind Scoring Sheet'!D393)+1,20))) | H23: =G23-F23 | I23: =VALUE(TRIM(LEFT('Blind Scoring Sheet'!F393,FIND("|",'Blind Scoring Sheet'!F393)-1))) | J23: =VALUE(TRIM(MID('Blind Scoring Sheet'!F393,FIND("|",'Blind Scoring Sheet'!F393)+1,20))) | K23: =J23-I23 | L23: =VALUE(TRIM(LEFT('Blind Scoring Sheet'!H393,FIND("|",'Blind Scoring Sheet'!H393)-1))) | M23: =VALUE(TRIM(MID('Blind Scoring Sheet'!H393,FIND("|",'Blind Scoring Sheet'!H393)+1,20))) | N23: =M23-L23 | O23: =VALUE(TRIM(LEFT('Blind Scoring Sheet'!J393,FIND("|",'Blind Scoring Sheet'!J393)-1))) | P23: =VALUE(TRIM(MID('Blind Scoring Sheet'!J393,FIND("|",'Blind Scoring Sheet'!J393)+1,20))) | Q23: =P23-O23 | R23: =ABS(Q23) | S23: =TRIM(LEFT('Blind Scoring Sheet'!K393,FIND("|",'Blind Scoring Sheet'!K393)-1)) | T23: =TRIM(MID('Blind Scoring Sheet'!K393,FIND("|",'Blind Scoring Sheet'!K393)+1,20)) | U23: =IF(S23=T23,"No","Yes") | V23: =IF(S23=T23,"— (agree)",S23&" → "&T23) | W23: =R23+ROW()/1000000
A24: R_0393 | B24: 396 | C24: =VALUE(TRIM(LEFT('Blind Scoring Sheet'!B396,FIND("|",'Blind Scoring Sheet'!B396)-1))) | D24: =VALUE(TRIM(MID('Blind Scoring Sheet'!B396,FIND("|",'Blind Scoring Sheet'!B396)+1,20))) | E24: =D24-C24 | F24: =VALUE(TRIM(LEFT('Blind Scoring Sheet'!D396,FIND("|",'Blind Scoring Sheet'!D396)-1))) | G24: =VALUE(TRIM(MID('Blind Scoring Sheet'!D396,FIND("|",'Blind Scoring Sheet'!D396)+1,20))) | H24: =G24-F24 | I24: =VALUE(TRIM(LEFT('Blind Scoring Sheet'!F396,FIND("|",'Blind Scoring Sheet'!F396)-1))) | J24: =VALUE(TRIM(MID('Blind Scoring Sheet'!F396,FIND("|",'Blind Scoring Sheet'!F396)+1,20))) | K24: =J24-I24 | L24: =VALUE(TRIM(LEFT('Blind Scoring Sheet'!H396,FIND("|",'Blind Scoring Sheet'!H396)-1))) | M24: =VALUE(TRIM(MID('Blind Scoring Sheet'!H396,FIND("|",'Blind Scoring Sheet'!H396)+1,20))) | N24: =M24-L24 | O24: =VALUE(TRIM(LEFT('Blind Scoring Sheet'!J396,FIND("|",'Blind Scoring Sheet'!J396)-1))) | P24: =VALUE(TRIM(MID('Blind Scoring Sheet'!J396,FIND("|",'Blind Scoring Sheet'!J396)+1,20))) | Q24: =P24-O24 | R24: =ABS(Q24) | S24: =TRIM(LEFT('Blind Scoring Sheet'!K396,FIND("|",'Blind Scoring Sheet'!K396)-1)) | T24: =TRIM(MID('Blind Scoring Sheet'!K396,FIND("|",'Blind Scoring Sheet'!K396)+1,20)) | U24: =IF(S24=T24,"No","Yes") | V24: =IF(S24=T24,"— (agree)",S24&" → "&T24) | W24: =R24+ROW()/1000000
A25: R_0397 | B25: 400 | C25: =VALUE(TRIM(LEFT('Blind Scoring Sheet'!B400,FIND("|",'Blind Scoring Sheet'!B400)-1))) | D25: =VALUE(TRIM(MID('Blind Scoring Sheet'!B400,FIND("|",'Blind Scoring Sheet'!B400)+1,20))) | E25: =D25-C25 | F25: =VALUE(TRIM(LEFT('Blind Scoring Sheet'!D400,FIND("|",'Blind Scoring Sheet'!D400)-1))) | G25: =VALUE(TRIM(MID('Blind Scoring Sheet'!D400,FIND("|",'Blind Scoring Sheet'!D400)+1,20))) | H25: =G25-F25 | I25: =VALUE(TRIM(LEFT('Blind Scoring Sheet'!F400,FIND("|",'Blind Scoring Sheet'!F400)-1))) | J25: =VALUE(TRIM(MID('Blind Scoring Sheet'!F400,FIND("|",'Blind Scoring Sheet'!F400)+1,20))) | K25: =J25-I25 | L25: =VALUE(TRIM(LEFT('Blind Scoring Sheet'!H400,FIND("|",'Blind Scoring Sheet'!H400)-1))) | M25: =VALUE(TRIM(MID('Blind Scoring Sheet'!H400,FIND("|",'Blind Scoring Sheet'!H400)+1,20))) | N25: =M25-L25 | O25: =VALUE(TRIM(LEFT('Blind Scoring Sheet'!J400,FIND("|",'Blind Scoring Sheet'!J400)-1))) | P25: =VALUE(TRIM(MID('Blind Scoring Sheet'!J400,FIND("|",'Blind Scoring Sheet'!J400)+1,20))) | Q25: =P25-O25 | R25: =ABS(Q25) | S25: =TRIM(LEFT('Blind Scoring Sheet'!K400,FIND("|",'Blind Scoring Sheet'!K400)-1)) | T25: =TRIM(MID('Blind Scoring Sheet'!K400,FIND("|",'Blind Scoring Sheet'!K400)+1,20)) | U25: =IF(S25=T25,"No","Yes") | V25: =IF(S25=T25,"— (agree)",S25&" → "&T25) | W25: =R25+ROW()/1000000
A26: R_0435 | B26: 438 | C26: =VALUE(TRIM(LEFT('Blind Scoring Sheet'!B438,FIND("|",'Blind Scoring Sheet'!B438)-1))) | D26: =VALUE(TRIM(MID('Blind Scoring Sheet'!B438,FIND("|",'Blind Scoring Sheet'!B438)+1,20))) | E26: =D26-C26 | F26: =VALUE(TRIM(LEFT('Blind Scoring Sheet'!D438,FIND("|",'Blind Scoring Sheet'!D438)-1))) | G26: =VALUE(TRIM(MID('Blind Scoring Sheet'!D438,FIND("|",'Blind Scoring Sheet'!D438)+1,20))) | H26: =G26-F26 | I26: =VALUE(TRIM(LEFT('Blind Scoring Sheet'!F438,FIND("|",'Blind Scoring Sheet'!F438)-1))) | J26: =VALUE(TRIM(MID('Blind Scoring Sheet'!F438,FIND("|",'Blind Scoring Sheet'!F438)+1,20))) | K26: =J26-I26 | L26: =VALUE(TRIM(LEFT('Blind Scoring Sheet'!H438,FIND("|",'Blind Scoring Sheet'!H438)-1))) | M26: =VALUE(TRIM(MID('Blind Scoring Sheet'!H438,FIND("|",'Blind Scoring Sheet'!H438)+1,20))) | N26: =M26-L26 | O26: =VALUE(TRIM(LEFT('Blind Scoring Sheet'!J438,FIND("|",'Blind Scoring Sheet'!J438)-1))) | P26: =VALUE(TRIM(MID('Blind Scoring Sheet'!J438,FIND("|",'Blind Scoring Sheet'!J438)+1,20))) | Q26: =P26-O26 | R26: =ABS(Q26) | S26: =TRIM(LEFT('Blind Scoring Sheet'!K438,FIND("|",'Blind Scoring Sheet'!K438)-1)) | T26: =TRIM(MID('Blind Scoring Sheet'!K438,FIND("|",'Blind Scoring Sheet'!K438)+1,20)) | U26: =IF(S26=T26,"No","Yes") | V26: =IF(S26=T26,"— (agree)",S26&" → "&T26) | W26: =R26+ROW()/1000000
A27: R_0439 | B27: 442 | C27: =VALUE(TRIM(LEFT('Blind Scoring Sheet'!B442,FIND("|",'Blind Scoring Sheet'!B442)-1))) | D27: =VALUE(TRIM(MID('Blind Scoring Sheet'!B442,FIND("|",'Blind Scoring Sheet'!B442)+1,20))) | E27: =D27-C27 | F27: =VALUE(TRIM(LEFT('Blind Scoring Sheet'!D442,FIND("|",'Blind Scoring Sheet'!D442)-1))) | G27: =VALUE(TRIM(MID('Blind Scoring Sheet'!D442,FIND("|",'Blind Scoring Sheet'!D442)+1,20))) | H27: =G27-F27 | I27: =VALUE(TRIM(LEFT('Blind Scoring Sheet'!F442,FIND("|",'Blind Scoring Sheet'!F442)-1))) | J27: =VALUE(TRIM(MID('Blind Scoring Sheet'!F442,FIND("|",'Blind Scoring Sheet'!F442)+1,20))) | K27: =J27-I27 | L27: =VALUE(TRIM(LEFT('Blind Scoring Sheet'!H442,FIND("|",'Blind Scoring Sheet'!H442)-1))) | M27: =VALUE(TRIM(MID('Blind Scoring Sheet'!H442,FIND("|",'Blind Scoring Sheet'!H442)+1,20))) | N27: =M27-L27 | O27: =VALUE(TRIM(LEFT('Blind Scoring Sheet'!J442,FIND("|",'Blind Scoring Sheet'!J442)-1))) | P27: =VALUE(TRIM(MID('Blind Scoring Sheet'!J442,FIND("|",'Blind Scoring Sheet'!J442)+1,20))) | Q27: =P27-O27 | R27: =ABS(Q27) | S27: =TRIM(LEFT('Blind Scoring Sheet'!K442,FIND("|",'Blind Scoring Sheet'!K442)-1)) | T27: =TRIM(MID('Blind Scoring Sheet'!K442,FIND("|",'Blind Scoring Sheet'!K442)+1,20)) | U27: =IF(S27=T27,"No","Yes") | V27: =IF(S27=T27,"— (agree)",S27&" → "&T27) | W27: =R27+ROW()/1000000
A28: R_0472 | B28: 475 | C28: =VALUE(TRIM(LEFT('Blind Scoring Sheet'!B475,FIND("|",'Blind Scoring Sheet'!B475)-1))) | D28: =VALUE(TRIM(MID('Blind Scoring Sheet'!B475,FIND("|",'Blind Scoring Sheet'!B475)+1,20))) | E28: =D28-C28 | F28: =VALUE(TRIM(LEFT('Blind Scoring Sheet'!D475,FIND("|",'Blind Scoring Sheet'!D475)-1))) | G28: =VALUE(TRIM(MID('Blind Scoring Sheet'!D475,FIND("|",'Blind Scoring Sheet'!D475)+1,20))) | H28: =G28-F28 | I28: =VALUE(TRIM(LEFT('Blind Scoring Sheet'!F475,FIND("|",'Blind Scoring Sheet'!F475)-1))) | J28: =VALUE(TRIM(MID('Blind Scoring Sheet'!F475,FIND("|",'Blind Scoring Sheet'!F475)+1,20))) | K28: =J28-I28 | L28: =VALUE(TRIM(LEFT('Blind Scoring Sheet'!H475,FIND("|",'Blind Scoring Sheet'!H475)-1))) | M28: =VALUE(TRIM(MID('Blind Scoring Sheet'!H475,FIND("|",'Blind Scoring Sheet'!H475)+1,20))) | N28: =M28-L28 | O28: =VALUE(TRIM(LEFT('Blind Scoring Sheet'!J475,FIND("|",'Blind Scoring Sheet'!J475)-1))) | P28: =VALUE(TRIM(MID('Blind Scoring Sheet'!J475,FIND("|",'Blind Scoring Sheet'!J475)+1,20))) | Q28: =P28-O28 | R28: =ABS(Q28) | S28: =TRIM(LEFT('Blind Scoring Sheet'!K475,FIND("|",'Blind Scoring Sheet'!K475)-1)) | T28: =TRIM(MID('Blind Scoring Sheet'!K475,FIND("|",'Blind Scoring Sheet'!K475)+1,20)) | U28: =IF(S28=T28,"No","Yes") | V28: =IF(S28=T28,"— (agree)",S28&" → "&T28) | W28: =R28+ROW()/1000000
A29: R_0473 | B29: 476 | C29: =VALUE(TRIM(LEFT('Blind Scoring Sheet'!B476,FIND("|",'Blind Scoring Sheet'!B476)-1))) | D29: =VALUE(TRIM(MID('Blind Scoring Sheet'!B476,FIND("|",'Blind Scoring Sheet'!B476)+1,20))) | E29: =D29-C29 | F29: =VALUE(TRIM(LEFT('Blind Scoring Sheet'!D476,FIND("|",'Blind Scoring Sheet'!D476)-1))) | G29: =VALUE(TRIM(MID('Blind Scoring Sheet'!D476,FIND("|",'Blind Scoring Sheet'!D476)+1,20))) | H29: =G29-F29 | I29: =VALUE(TRIM(LEFT('Blind Scoring Sheet'!F476,FIND("|",'Blind Scoring Sheet'!F476)-1))) | J29: =VALUE(TRIM(MID('Blind Scoring Sheet'!F476,FIND("|",'Blind Scoring Sheet'!F476)+1,20))) | K29: =J29-I29 | L29: =VALUE(TRIM(LEFT('Blind Scoring Sheet'!H476,FIND("|",'Blind Scoring Sheet'!H476)-1))) | M29: =VALUE(TRIM(MID('Blind Scoring Sheet'!H476,FIND("|",'Blind Scoring Sheet'!H476)+1,20))) | N29: =M29-L29 | O29: =VALUE(TRIM(LEFT('Blind Scoring Sheet'!J476,FIND("|",'Blind Scoring Sheet'!J476)-1))) | P29: =VALUE(TRIM(MID('Blind Scoring Sheet'!J476,FIND("|",'Blind Scoring Sheet'!J476)+1,20))) | Q29: =P29-O29 | R29: =ABS(Q29) | S29: =TRIM(LEFT('Blind Scoring Sheet'!K476,FIND("|",'Blind Scoring Sheet'!K476)-1)) | T29: =TRIM(MID('Blind Scoring Sheet'!K476,FIND("|",'Blind Scoring Sheet'!K476)+1,20)) | U29: =IF(S29=T29,"No","Yes") | V29: =IF(S29=T29,"— (agree)",S29&" → "&T29) | W29: =R29+ROW()/1000000
A30: R_0474 | B30: 477 | C30: =VALUE(TRIM(LEFT('Blind Scoring Sheet'!B477,FIND("|",'Blind Scoring Sheet'!B477)-1))) | D30: =VALUE(TRIM(MID('Blind Scoring Sheet'!B477,FIND("|",'Blind Scoring Sheet'!B477)+1,20))) | E30: =D30-C30 | F30: =VALUE(TRIM(LEFT('Blind Scoring Sheet'!D477,FIND("|",'Blind Scoring Sheet'!D477)-1))) | G30: =VALUE(TRIM(MID('Blind Scoring Sheet'!D477,FIND("|",'Blind Scoring Sheet'!D477)+1,20))) | H30: =G30-F30 | I30: =VALUE(TRIM(LEFT('Blind Scoring Sheet'!F477,FIND("|",'Blind Scoring Sheet'!F477)-1))) | J30: =VALUE(TRIM(MID('Blind Scoring Sheet'!F477,FIND("|",'Blind Scoring Sheet'!F477)+1,20))) | K30: =J30-I30 | L30: =VALUE(TRIM(LEFT('Blind Scoring Sheet'!H477,FIND("|",'Blind Scoring Sheet'!H477)-1))) | M30: =VALUE(TRIM(MID('Blind Scoring Sheet'!H477,FIND("|",'Blind Scoring Sheet'!H477)+1,20))) | N30: =M30-L30 | O30: =VALUE(TRIM(LEFT('Blind Scoring Sheet'!J477,FIND("|",'Blind Scoring Sheet'!J477)-1))) | P30: =VALUE(TRIM(MID('Blind Scoring Sheet'!J477,FIND("|",'Blind Scoring Sheet'!J477)+1,20))) | Q30: =P30-O30 | R30: =ABS(Q30) | S30: =TRIM(LEFT('Blind Scoring Sheet'!K477,FIND("|",'Blind Scoring Sheet'!K477)-1)) | T30: =TRIM(MID('Blind Scoring Sheet'!K477,FIND("|",'Blind Scoring Sheet'!K477)+1,20)) | U30: =IF(S30=T30,"No","Yes") | V30: =IF(S30=T30,"— (agree)",S30&" → "&T30) | W30: =R30+ROW()/1000000
A31: R_0476 | B31: 479 | C31: =VALUE(TRIM(LEFT('Blind Scoring Sheet'!B479,FIND("|",'Blind Scoring Sheet'!B479)-1))) | D31: =VALUE(TRIM(MID('Blind Scoring Sheet'!B479,FIND("|",'Blind Scoring Sheet'!B479)+1,20))) | E31: =D31-C31 | F31: =VALUE(TRIM(LEFT('Blind Scoring Sheet'!D479,FIND("|",'Blind Scoring Sheet'!D479)-1))) | G31: =VALUE(TRIM(MID('Blind Scoring Sheet'!D479,FIND("|",'Blind Scoring Sheet'!D479)+1,20))) | H31: =G31-F31 | I31: =VALUE(TRIM(LEFT('Blind Scoring Sheet'!F479,FIND("|",'Blind Scoring Sheet'!F479)-1))) | J31: =VALUE(TRIM(MID('Blind Scoring Sheet'!F479,FIND("|",'Blind Scoring Sheet'!F479)+1,20))) | K31: =J31-I31 | L31: =VALUE(TRIM(LEFT('Blind Scoring Sheet'!H479,FIND("|",'Blind Scoring Sheet'!H479)-1))) | M31: =VALUE(TRIM(MID('Blind Scoring Sheet'!H479,FIND("|",'Blind Scoring Sheet'!H479)+1,20))) | N31: =M31-L31 | O31: =VALUE(TRIM(LEFT('Blind Scoring Sheet'!J479,FIND("|",'Blind Scoring Sheet'!J479)-1))) | P31: =VALUE(TRIM(MID('Blind Scoring Sheet'!J479,FIND("|",'Blind Scoring Sheet'!J479)+1,20))) | Q31: =P31-O31 | R31: =ABS(Q31) | S31: =TRIM(LEFT('Blind Scoring Sheet'!K479,FIND("|",'Blind Scoring Sheet'!K479)-1)) | T31: =TRIM(MID('Blind Scoring Sheet'!K479,FIND("|",'Blind Scoring Sheet'!K479)+1,20)) | U31: =IF(S31=T31,"No","Yes") | V31: =IF(S31=T31,"— (agree)",S31&" → "&T31) | W31: =R31+ROW()/1000000
A32: R_0486 | B32: 489 | C32: =VALUE(TRIM(LEFT('Blind Scoring Sheet'!B489,FIND("|",'Blind Scoring Sheet'!B489)-1))) | D32: =VALUE(TRIM(MID('Blind Scoring Sheet'!B489,FIND("|",'Blind Scoring Sheet'!B489)+1,20))) | E32: =D32-C32 | F32: =VALUE(TRIM(LEFT('Blind Scoring Sheet'!D489,FIND("|",'Blind Scoring Sheet'!D489)-1))) | G32: =VALUE(TRIM(MID('Blind Scoring Sheet'!D489,FIND("|",'Blind Scoring Sheet'!D489)+1,20))) | H32: =G32-F32 | I32: =VALUE(TRIM(LEFT('Blind Scoring Sheet'!F489,FIND("|",'Blind Scoring Sheet'!F489)-1))) | J32: =VALUE(TRIM(MID('Blind Scoring Sheet'!F489,FIND("|",'Blind Scoring Sheet'!F489)+1,20))) | K32: =J32-I32 | L32: =VALUE(TRIM(LEFT('Blind Scoring Sheet'!H489,FIND("|",'Blind Scoring Sheet'!H489)-1))) | M32: =VALUE(TRIM(MID('Blind Scoring Sheet'!H489,FIND("|",'Blind Scoring Sheet'!H489)+1,20))) | N32: =M32-L32 | O32: =VALUE(TRIM(LEFT('Blind Scoring Sheet'!J489,FIND("|",'Blind Scoring Sheet'!J489)-1))) | P32: =VALUE(TRIM(MID('Blind Scoring Sheet'!J489,FIND("|",'Blind Scoring Sheet'!J489)+1,20))) | Q32: =P32-O32 | R32: =ABS(Q32) | S32: =TRIM(LEFT('Blind Scoring Sheet'!K489,FIND("|",'Blind Scoring Sheet'!K489)-1)) | T32: =TRIM(MID('Blind Scoring Sheet'!K489,FIND("|",'Blind Scoring Sheet'!K489)+1,20)) | U32: =IF(S32=T32,"No","Yes") | V32: =IF(S32=T32,"— (agree)",S32&" → "&T32) | W32: =R32+ROW()/1000000
A33: R_0495 | B33: 498 | C33: =VALUE(TRIM(LEFT('Blind Scoring Sheet'!B498,FIND("|",'Blind Scoring Sheet'!B498)-1))) | D33: =VALUE(TRIM(MID('Blind Scoring Sheet'!B498,FIND("|",'Blind Scoring Sheet'!B498)+1,20))) | E33: =D33-C33 | F33: =VALUE(TRIM(LEFT('Blind Scoring Sheet'!D498,FIND("|",'Blind Scoring Sheet'!D498)-1))) | G33: =VALUE(TRIM(MID('Blind Scoring Sheet'!D498,FIND("|",'Blind Scoring Sheet'!D498)+1,20))) | H33: =G33-F33 | I33: =VALUE(TRIM(LEFT('Blind Scoring Sheet'!F498,FIND("|",'Blind Scoring Sheet'!F498)-1))) | J33: =VALUE(TRIM(MID('Blind Scoring Sheet'!F498,FIND("|",'Blind Scoring Sheet'!F498)+1,20))) | K33: =J33-I33 | L33: =VALUE(TRIM(LEFT('Blind Scoring Sheet'!H498,FIND("|",'Blind Scoring Sheet'!H498)-1))) | M33: =VALUE(TRIM(MID('Blind Scoring Sheet'!H498,FIND("|",'Blind Scoring Sheet'!H498)+1,20))) | N33: =M33-L33 | O33: =VALUE(TRIM(LEFT('Blind Scoring Sheet'!J498,FIND("|",'Blind Scoring Sheet'!J498)-1))) | P33: =VALUE(TRIM(MID('Blind Scoring Sheet'!J498,FIND("|",'Blind Scoring Sheet'!J498)+1,20))) | Q33: =P33-O33 | R33: =ABS(Q33) | S33: =TRIM(LEFT('Blind Scoring Sheet'!K498,FIND("|",'Blind Scoring Sheet'!K498)-1)) | T33: =TRIM(MID('Blind Scoring Sheet'!K498,FIND("|",'Blind Scoring Sheet'!K498)+1,20)) | U33: =IF(S33=T33,"No","Yes") | V33: =IF(S33=T33,"— (agree)",S33&" → "&T33) | W33: =R33+ROW()/1000000
A34: R_0506 | B34: 509 | C34: =VALUE(TRIM(LEFT('Blind Scoring Sheet'!B509,FIND("|",'Blind Scoring Sheet'!B509)-1))) | D34: =VALUE(TRIM(MID('Blind Scoring Sheet'!B509,FIND("|",'Blind Scoring Sheet'!B509)+1,20))) | E34: =D34-C34 | F34: =VALUE(TRIM(LEFT('Blind Scoring Sheet'!D509,FIND("|",'Blind Scoring Sheet'!D509)-1))) | G34: =VALUE(TRIM(MID('Blind Scoring Sheet'!D509,FIND("|",'Blind Scoring Sheet'!D509)+1,20))) | H34: =G34-F34 | I34: =VALUE(TRIM(LEFT('Blind Scoring Sheet'!F509,FIND("|",'Blind Scoring Sheet'!F509)-1))) | J34: =VALUE(TRIM(MID('Blind Scoring Sheet'!F509,FIND("|",'Blind Scoring Sheet'!F509)+1,20))) | K34: =J34-I34 | L34: =VALUE(TRIM(LEFT('Blind Scoring Sheet'!H509,FIND("|",'Blind Scoring Sheet'!H509)-1))) | M34: =VALUE(TRIM(MID('Blind Scoring Sheet'!H509,FIND("|",'Blind Scoring Sheet'!H509)+1,20))) | N34: =M34-L34 | O34: =VALUE(TRIM(LEFT('Blind Scoring Sheet'!J509,FIND("|",'Blind Scoring Sheet'!J509)-1))) | P34: =VALUE(TRIM(MID('Blind Scoring Sheet'!J509,FIND("|",'Blind Scoring Sheet'!J509)+1,20))) | Q34: =P34-O34 | R34: =ABS(Q34) | S34: =TRIM(LEFT('Blind Scoring Sheet'!K509,FIND("|",'Blind Scoring Sheet'!K509)-1)) | T34: =TRIM(MID('Blind Scoring Sheet'!K509,FIND("|",'Blind Scoring Sheet'!K509)+1,20)) | U34: =IF(S34=T34,"No","Yes") | V34: =IF(S34=T34,"— (agree)",S34&" → "&T34) | W34: =R34+ROW()/1000000
A35: R_0534 | B35: 537 | C35: =VALUE(TRIM(LEFT('Blind Scoring Sheet'!B537,FIND("|",'Blind Scoring Sheet'!B537)-1))) | D35: =VALUE(TRIM(MID('Blind Scoring Sheet'!B537,FIND("|",'Blind Scoring Sheet'!B537)+1,20))) | E35: =D35-C35 | F35: =VALUE(TRIM(LEFT('Blind Scoring Sheet'!D537,FIND("|",'Blind Scoring Sheet'!D537)-1))) | G35: =VALUE(TRIM(MID('Blind Scoring Sheet'!D537,FIND("|",'Blind Scoring Sheet'!D537)+1,20))) | H35: =G35-F35 | I35: =VALUE(TRIM(LEFT('Blind Scoring Sheet'!F537,FIND("|",'Blind Scoring Sheet'!F537)-1))) | J35: =VALUE(TRIM(MID('Blind Scoring Sheet'!F537,FIND("|",'Blind Scoring Sheet'!F537)+1,20))) | K35: =J35-I35 | L35: =VALUE(TRIM(LEFT('Blind Scoring Sheet'!H537,FIND("|",'Blind Scoring Sheet'!H537)-1))) | M35: =VALUE(TRIM(MID('Blind Scoring Sheet'!H537,FIND("|",'Blind Scoring Sheet'!H537)+1,20))) | N35: =M35-L35 | O35: =VALUE(TRIM(LEFT('Blind Scoring Sheet'!J537,FIND("|",'Blind Scoring Sheet'!J537)-1))) | P35: =VALUE(TRIM(MID('Blind Scoring Sheet'!J537,FIND("|",'Blind Scoring Sheet'!J537)+1,20))) | Q35: =P35-O35 | R35: =ABS(Q35) | S35: =TRIM(LEFT('Blind Scoring Sheet'!K537,FIND("|",'Blind Scoring Sheet'!K537)-1)) | T35: =TRIM(MID('Blind Scoring Sheet'!K537,FIND("|",'Blind Scoring Sheet'!K537)+1,20)) | U35: =IF(S35=T35,"No","Yes") | V35: =IF(S35=T35,"— (agree)",S35&" → "&T35) | W35: =R35+ROW()/1000000
A36: R_0547 | B36: 550 | C36: =VALUE(TRIM(LEFT('Blind Scoring Sheet'!B550,FIND("|",'Blind Scoring Sheet'!B550)-1))) | D36: =VALUE(TRIM(MID('Blind Scoring Sheet'!B550,FIND("|",'Blind Scoring Sheet'!B550)+1,20))) | E36: =D36-C36 | F36: =VALUE(TRIM(LEFT('Blind Scoring Sheet'!D550,FIND("|",'Blind Scoring Sheet'!D550)-1))) | G36: =VALUE(TRIM(MID('Blind Scoring Sheet'!D550,FIND("|",'Blind Scoring Sheet'!D550)+1,20))) | H36: =G36-F36 | I36: =VALUE(TRIM(LEFT('Blind Scoring Sheet'!F550,FIND("|",'Blind Scoring Sheet'!F550)-1))) | J36: =VALUE(TRIM(MID('Blind Scoring Sheet'!F550,FIND("|",'Blind Scoring Sheet'!F550)+1,20))) | K36: =J36-I36 | L36: =VALUE(TRIM(LEFT('Blind Scoring Sheet'!H550,FIND("|",'Blind Scoring Sheet'!H550)-1))) | M36: =VALUE(TRIM(MID('Blind Scoring Sheet'!H550,FIND("|",'Blind Scoring Sheet'!H550)+1,20))) | N36: =M36-L36 | O36: =VALUE(TRIM(LEFT('Blind Scoring Sheet'!J550,FIND("|",'Blind Scoring Sheet'!J550)-1))) | P36: =VALUE(TRIM(MID('Blind Scoring Sheet'!J550,FIND("|",'Blind Scoring Sheet'!J550)+1,20))) | Q36: =P36-O36 | R36: =ABS(Q36) | S36: =TRIM(LEFT('Blind Scoring Sheet'!K550,FIND("|",'Blind Scoring Sheet'!K550)-1)) | T36: =TRIM(MID('Blind Scoring Sheet'!K550,FIND("|",'Blind Scoring Sheet'!K550)+1,20)) | U36: =IF(S36=T36,"No","Yes") | V36: =IF(S36=T36,"— (agree)",S36&" → "&T36) | W36: =R36+ROW()/1000000
A37: R_0551 | B37: 554 | C37: =VALUE(TRIM(LEFT('Blind Scoring Sheet'!B554,FIND("|",'Blind Scoring Sheet'!B554)-1))) | D37: =VALUE(TRIM(MID('Blind Scoring Sheet'!B554,FIND("|",'Blind Scoring Sheet'!B554)+1,20))) | E37: =D37-C37 | F37: =VALUE(TRIM(LEFT('Blind Scoring Sheet'!D554,FIND("|",'Blind Scoring Sheet'!D554)-1))) | G37: =VALUE(TRIM(MID('Blind Scoring Sheet'!D554,FIND("|",'Blind Scoring Sheet'!D554)+1,20))) | H37: =G37-F37 | I37: =VALUE(TRIM(LEFT('Blind Scoring Sheet'!F554,FIND("|",'Blind Scoring Sheet'!F554)-1))) | J37: =VALUE(TRIM(MID('Blind Scoring Sheet'!F554,FIND("|",'Blind Scoring Sheet'!F554)+1,20))) | K37: =J37-I37 | L37: =VALUE(TRIM(LEFT('Blind Scoring Sheet'!H554,FIND("|",'Blind Scoring Sheet'!H554)-1))) | M37: =VALUE(TRIM(MID('Blind Scoring Sheet'!H554,FIND("|",'Blind Scoring Sheet'!H554)+1,20))) | N37: =M37-L37 | O37: =VALUE(TRIM(LEFT('Blind Scoring Sheet'!J554,FIND("|",'Blind Scoring Sheet'!J554)-1))) | P37: =VALUE(TRIM(MID('Blind Scoring Sheet'!J554,FIND("|",'Blind Scoring Sheet'!J554)+1,20))) | Q37: =P37-O37 | R37: =ABS(Q37) | S37: =TRIM(LEFT('Blind Scoring Sheet'!K554,FIND("|",'Blind Scoring Sheet'!K554)-1)) | T37: =TRIM(MID('Blind Scoring Sheet'!K554,FIND("|",'Blind Scoring Sheet'!K554)+1,20)) | U37: =IF(S37=T37,"No","Yes") | V37: =IF(S37=T37,"— (agree)",S37&" → "&T37) | W37: =R37+ROW()/1000000
A38: R_0573 | B38: 576 | C38: =VALUE(TRIM(LEFT('Blind Scoring Sheet'!B576,FIND("|",'Blind Scoring Sheet'!B576)-1))) | D38: =VALUE(TRIM(MID('Blind Scoring Sheet'!B576,FIND("|",'Blind Scoring Sheet'!B576)+1,20))) | E38: =D38-C38 | F38: =VALUE(TRIM(LEFT('Blind Scoring Sheet'!D576,FIND("|",'Blind Scoring Sheet'!D576)-1))) | G38: =VALUE(TRIM(MID('Blind Scoring Sheet'!D576,FIND("|",'Blind Scoring Sheet'!D576)+1,20))) | H38: =G38-F38 | I38: =VALUE(TRIM(LEFT('Blind Scoring Sheet'!F576,FIND("|",'Blind Scoring Sheet'!F576)-1))) | J38: =VALUE(TRIM(MID('Blind Scoring Sheet'!F576,FIND("|",'Blind Scoring Sheet'!F576)+1,20))) | K38: =J38-I38 | L38: =VALUE(TRIM(LEFT('Blind Scoring Sheet'!H576,FIND("|",'Blind Scoring Sheet'!H576)-1))) | M38: =VALUE(TRIM(MID('Blind Scoring Sheet'!H576,FIND("|",'Blind Scoring Sheet'!H576)+1,20))) | N38: =M38-L38 | O38: =VALUE(TRIM(LEFT('Blind Scoring Sheet'!J576,FIND("|",'Blind Scoring Sheet'!J576)-1))) | P38: =VALUE(TRIM(MID('Blind Scoring Sheet'!J576,FIND("|",'Blind Scoring Sheet'!J576)+1,20))) | Q38: =P38-O38 | R38: =ABS(Q38) | S38: =TRIM(LEFT('Blind Scoring Sheet'!K576,FIND("|",'Blind Scoring Sheet'!K576)-1)) | T38: =TRIM(MID('Blind Scoring Sheet'!K576,FIND("|",'Blind Scoring Sheet'!K576)+1,20)) | U38: =IF(S38=T38,"No","Yes") | V38: =IF(S38=T38,"— (agree)",S38&" → "&T38) | W38: =R38+ROW()/1000000
A39: R_0623 | B39: 626 | C39: =VALUE(TRIM(LEFT('Blind Scoring Sheet'!B626,FIND("|",'Blind Scoring Sheet'!B626)-1))) | D39: =VALUE(TRIM(MID('Blind Scoring Sheet'!B626,FIND("|",'Blind Scoring Sheet'!B626)+1,20))) | E39: =D39-C39 | F39: =VALUE(TRIM(LEFT('Blind Scoring Sheet'!D626,FIND("|",'Blind Scoring Sheet'!D626)-1))) | G39: =VALUE(TRIM(MID('Blind Scoring Sheet'!D626,FIND("|",'Blind Scoring Sheet'!D626)+1,20))) | H39: =G39-F39 | I39: =VALUE(TRIM(LEFT('Blind Scoring Sheet'!F626,FIND("|",'Blind Scoring Sheet'!F626)-1))) | J39: =VALUE(TRIM(MID('Blind Scoring Sheet'!F626,FIND("|",'Blind Scoring Sheet'!F626)+1,20))) | K39: =J39-I39 | L39: =VALUE(TRIM(LEFT('Blind Scoring Sheet'!H626,FIND("|",'Blind Scoring Sheet'!H626)-1))) | M39: =VALUE(TRIM(MID('Blind Scoring Sheet'!H626,FIND("|",'Blind Scoring Sheet'!H626)+1,20))) | N39: =M39-L39 | O39: =VALUE(TRIM(LEFT('Blind Scoring Sheet'!J626,FIND("|",'Blind Scoring Sheet'!J626)-1))) | P39: =VALUE(TRIM(MID('Blind Scoring Sheet'!J626,FIND("|",'Blind Scoring Sheet'!J626)+1,20))) | Q39: =P39-O39 | R39: =ABS(Q39) | S39: =TRIM(LEFT('Blind Scoring Sheet'!K626,FIND("|",'Blind Scoring Sheet'!K626)-1)) | T39: =TRIM(MID('Blind Scoring Sheet'!K626,FIND("|",'Blind Scoring Sheet'!K626)+1,20)) | U39: =IF(S39=T39,"No","Yes") | V39: =IF(S39=T39,"— (agree)",S39&" → "&T39) | W39: =R39+ROW()/1000000
A40: R_0630 | B40: 633 | C40: =VALUE(TRIM(LEFT('Blind Scoring Sheet'!B633,FIND("|",'Blind Scoring Sheet'!B633)-1))) | D40: =VALUE(TRIM(MID('Blind Scoring Sheet'!B633,FIND("|",'Blind Scoring Sheet'!B633)+1,20))) | E40: =D40-C40 | F40: =VALUE(TRIM(LEFT('Blind Scoring Sheet'!D633,FIND("|",'Blind Scoring Sheet'!D633)-1))) | G40: =VALUE(TRIM(MID('Blind Scoring Sheet'!D633,FIND("|",'Blind Scoring Sheet'!D633)+1,20))) | H40: =G40-F40 | I40: =VALUE(TRIM(LEFT('Blind Scoring Sheet'!F633,FIND("|",'Blind Scoring Sheet'!F633)-1))) | J40: =VALUE(TRIM(MID('Blind Scoring Sheet'!F633,FIND("|",'Blind Scoring Sheet'!F633)+1,20))) | K40: =J40-I40 | L40: =VALUE(TRIM(LEFT('Blind Scoring Sheet'!H633,FIND("|",'Blind Scoring Sheet'!H633)-1))) | M40: =VALUE(TRIM(MID('Blind Scoring Sheet'!H633,FIND("|",'Blind Scoring Sheet'!H633)+1,20))) | N40: =M40-L40 | O40: =VALUE(TRIM(LEFT('Blind Scoring Sheet'!J633,FIND("|",'Blind Scoring Sheet'!J633)-1))) | P40: =VALUE(TRIM(MID('Blind Scoring Sheet'!J633,FIND("|",'Blind Scoring Sheet'!J633)+1,20))) | Q40: =P40-O40 | R40: =ABS(Q40) | S40: =TRIM(LEFT('Blind Scoring Sheet'!K633,FIND("|",'Blind Scoring Sheet'!K633)-1)) | T40: =TRIM(MID('Blind Scoring Sheet'!K633,FIND("|",'Blind Scoring Sheet'!K633)+1,20)) | U40: =IF(S40=T40,"No","Yes") | V40: =IF(S40=T40,"— (agree)",S40&" → "&T40) | W40: =R40+ROW()/1000000
A41: R_0664 | B41: 667 | C41: =VALUE(TRIM(LEFT('Blind Scoring Sheet'!B667,FIND("|",'Blind Scoring Sheet'!B667)-1))) | D41: =VALUE(TRIM(MID('Blind Scoring Sheet'!B667,FIND("|",'Blind Scoring Sheet'!B667)+1,20))) | E41: =D41-C41 | F41: =VALUE(TRIM(LEFT('Blind Scoring Sheet'!D667,FIND("|",'Blind Scoring Sheet'!D667)-1))) | G41: =VALUE(TRIM(MID('Blind Scoring Sheet'!D667,FIND("|",'Blind Scoring Sheet'!D667)+1,20))) | H41: =G41-F41 | I41: =VALUE(TRIM(LEFT('Blind Scoring Sheet'!F667,FIND("|",'Blind Scoring Sheet'!F667)-1))) | J41: =VALUE(TRIM(MID('Blind Scoring Sheet'!F667,FIND("|",'Blind Scoring Sheet'!F667)+1,20))) | K41: =J41-I41 | L41: =VALUE(TRIM(LEFT('Blind Scoring Sheet'!H667,FIND("|",'Blind Scoring Sheet'!H667)-1))) | M41: =VALUE(TRIM(MID('Blind Scoring Sheet'!H667,FIND("|",'Blind Scoring Sheet'!H667)+1,20))) | N41: =M41-L41 | O41: =VALUE(TRIM(LEFT('Blind Scoring Sheet'!J667,FIND("|",'Blind Scoring Sheet'!J667)-1))) | P41: =VALUE(TRIM(MID('Blind Scoring Sheet'!J667,FIND("|",'Blind Scoring Sheet'!J667)+1,20))) | Q41: =P41-O41 | R41: =ABS(Q41) | S41: =TRIM(LEFT('Blind Scoring Sheet'!K667,FIND("|",'Blind Scoring Sheet'!K667)-1)) | T41: =TRIM(MID('Blind Scoring Sheet'!K667,FIND("|",'Blind Scoring Sheet'!K667)+1,20)) | U41: =IF(S41=T41,"No","Yes") | V41: =IF(S41=T41,"— (agree)",S41&" → "&T41) | W41: =R41+ROW()/1000000
A42: R_0665 | B42: 668 | C42: =VALUE(TRIM(LEFT('Blind Scoring Sheet'!B668,FIND("|",'Blind Scoring Sheet'!B668)-1))) | D42: =VALUE(TRIM(MID('Blind Scoring Sheet'!B668,FIND("|",'Blind Scoring Sheet'!B668)+1,20))) | E42: =D42-C42 | F42: =VALUE(TRIM(LEFT('Blind Scoring Sheet'!D668,FIND("|",'Blind Scoring Sheet'!D668)-1))) | G42: =VALUE(TRIM(MID('Blind Scoring Sheet'!D668,FIND("|",'Blind Scoring Sheet'!D668)+1,20))) | H42: =G42-F42 | I42: =VALUE(TRIM(LEFT('Blind Scoring Sheet'!F668,FIND("|",'Blind Scoring Sheet'!F668)-1))) | J42: =VALUE(TRIM(MID('Blind Scoring Sheet'!F668,FIND("|",'Blind Scoring Sheet'!F668)+1,20))) | K42: =J42-I42 | L42: =VALUE(TRIM(LEFT('Blind Scoring Sheet'!H668,FIND("|",'Blind Scoring Sheet'!H668)-1))) | M42: =VALUE(TRIM(MID('Blind Scoring Sheet'!H668,FIND("|",'Blind Scoring Sheet'!H668)+1,20))) | N42: =M42-L42 | O42: =VALUE(TRIM(LEFT('Blind Scoring Sheet'!J668,FIND("|",'Blind Scoring Sheet'!J668)-1))) | P42: =VALUE(TRIM(MID('Blind Scoring Sheet'!J668,FIND("|",'Blind Scoring Sheet'!J668)+1,20))) | Q42: =P42-O42 | R42: =ABS(Q42) | S42: =TRIM(LEFT('Blind Scoring Sheet'!K668,FIND("|",'Blind Scoring Sheet'!K668)-1)) | T42: =TRIM(MID('Blind Scoring Sheet'!K668,FIND("|",'Blind Scoring Sheet'!K668)+1,20)) | U42: =IF(S42=T42,"No","Yes") | V42: =IF(S42=T42,"— (agree)",S42&" → "&T42) | W42: =R42+ROW()/1000000
A43: R_0691 | B43: 694 | C43: =VALUE(TRIM(LEFT('Blind Scoring Sheet'!B694,FIND("|",'Blind Scoring Sheet'!B694)-1))) | D43: =VALUE(TRIM(MID('Blind Scoring Sheet'!B694,FIND("|",'Blind Scoring Sheet'!B694)+1,20))) | E43: =D43-C43 | F43: =VALUE(TRIM(LEFT('Blind Scoring Sheet'!D694,FIND("|",'Blind Scoring Sheet'!D694)-1))) | G43: =VALUE(TRIM(MID('Blind Scoring Sheet'!D694,FIND("|",'Blind Scoring Sheet'!D694)+1,20))) | H43: =G43-F43 | I43: =VALUE(TRIM(LEFT('Blind Scoring Sheet'!F694,FIND("|",'Blind Scoring Sheet'!F694)-1))) | J43: =VALUE(TRIM(MID('Blind Scoring Sheet'!F694,FIND("|",'Blind Scoring Sheet'!F694)+1,20))) | K43: =J43-I43 | L43: =VALUE(TRIM(LEFT('Blind Scoring Sheet'!H694,FIND("|",'Blind Scoring Sheet'!H694)-1))) | M43: =VALUE(TRIM(MID('Blind Scoring Sheet'!H694,FIND("|",'Blind Scoring Sheet'!H694)+1,20))) | N43: =M43-L43 | O43: =VALUE(TRIM(LEFT('Blind Scoring Sheet'!J694,FIND("|",'Blind Scoring Sheet'!J694)-1))) | P43: =VALUE(TRIM(MID('Blind Scoring Sheet'!J694,FIND("|",'Blind Scoring Sheet'!J694)+1,20))) | Q43: =P43-O43 | R43: =ABS(Q43) | S43: =TRIM(LEFT('Blind Scoring Sheet'!K694,FIND("|",'Blind Scoring Sheet'!K694)-1)) | T43: =TRIM(MID('Blind Scoring Sheet'!K694,FIND("|",'Blind Scoring Sheet'!K694)+1,20)) | U43: =IF(S43=T43,"No","Yes") | V43: =IF(S43=T43,"— (agree)",S43&" → "&T43) | W43: =R43+ROW()/1000000
A44: R_0692 | B44: 695 | C44: =VALUE(TRIM(LEFT('Blind Scoring Sheet'!B695,FIND("|",'Blind Scoring Sheet'!B695)-1))) | D44: =VALUE(TRIM(MID('Blind Scoring Sheet'!B695,FIND("|",'Blind Scoring Sheet'!B695)+1,20))) | E44: =D44-C44 | F44: =VALUE(TRIM(LEFT('Blind Scoring Sheet'!D695,FIND("|",'Blind Scoring Sheet'!D695)-1))) | G44: =VALUE(TRIM(MID('Blind Scoring Sheet'!D695,FIND("|",'Blind Scoring Sheet'!D695)+1,20))) | H44: =G44-F44 | I44: =VALUE(TRIM(LEFT('Blind Scoring Sheet'!F695,FIND("|",'Blind Scoring Sheet'!F695)-1))) | J44: =VALUE(TRIM(MID('Blind Scoring Sheet'!F695,FIND("|",'Blind Scoring Sheet'!F695)+1,20))) | K44: =J44-I44 | L44: =VALUE(TRIM(LEFT('Blind Scoring Sheet'!H695,FIND("|",'Blind Scoring Sheet'!H695)-1))) | M44: =VALUE(TRIM(MID('Blind Scoring Sheet'!H695,FIND("|",'Blind Scoring Sheet'!H695)+1,20))) | N44: =M44-L44 | O44: =VALUE(TRIM(LEFT('Blind Scoring Sheet'!J695,FIND("|",'Blind Scoring Sheet'!J695)-1))) | P44: =VALUE(TRIM(MID('Blind Scoring Sheet'!J695,FIND("|",'Blind Scoring Sheet'!J695)+1,20))) | Q44: =P44-O44 | R44: =ABS(Q44) | S44: =TRIM(LEFT('Blind Scoring Sheet'!K695,FIND("|",'Blind Scoring Sheet'!K695)-1)) | T44: =TRIM(MID('Blind Scoring Sheet'!K695,FIND("|",'Blind Scoring Sheet'!K695)+1,20)) | U44: =IF(S44=T44,"No","Yes") | V44: =IF(S44=T44,"— (agree)",S44&" → "&T44) | W44: =R44+ROW()/1000000
A45: R_0698 | B45: 701 | C45: =VALUE(TRIM(LEFT('Blind Scoring Sheet'!B701,FIND("|",'Blind Scoring Sheet'!B701)-1))) | D45: =VALUE(TRIM(MID('Blind Scoring Sheet'!B701,FIND("|",'Blind Scoring Sheet'!B701)+1,20))) | E45: =D45-C45 | F45: =VALUE(TRIM(LEFT('Blind Scoring Sheet'!D701,FIND("|",'Blind Scoring Sheet'!D701)-1))) | G45: =VALUE(TRIM(MID('Blind Scoring Sheet'!D701,FIND("|",'Blind Scoring Sheet'!D701)+1,20))) | H45: =G45-F45 | I45: =VALUE(TRIM(LEFT('Blind Scoring Sheet'!F701,FIND("|",'Blind Scoring Sheet'!F701)-1))) | J45: =VALUE(TRIM(MID('Blind Scoring Sheet'!F701,FIND("|",'Blind Scoring Sheet'!F701)+1,20))) | K45: =J45-I45 | L45: =VALUE(TRIM(LEFT('Blind Scoring Sheet'!H701,FIND("|",'Blind Scoring Sheet'!H701)-1))) | M45: =VALUE(TRIM(MID('Blind Scoring Sheet'!H701,FIND("|",'Blind Scoring Sheet'!H701)+1,20))) | N45: =M45-L45 | O45: =VALUE(TRIM(LEFT('Blind Scoring Sheet'!J701,FIND("|",'Blind Scoring Sheet'!J701)-1))) | P45: =VALUE(TRIM(MID('Blind Scoring Sheet'!J701,FIND("|",'Blind Scoring Sheet'!J701)+1,20))) | Q45: =P45-O45 | R45: =ABS(Q45) | S45: =TRIM(LEFT('Blind Scoring Sheet'!K701,FIND("|",'Blind Scoring Sheet'!K701)-1)) | T45: =TRIM(MID('Blind Scoring Sheet'!K701,FIND("|",'Blind Scoring Sheet'!K701)+1,20)) | U45: =IF(S45=T45,"No","Yes") | V45: =IF(S45=T45,"— (agree)",S45&" → "&T45) | W45: =R45+ROW()/1000000
A46: R_0699 | B46: 702 | C46: =VALUE(TRIM(LEFT('Blind Scoring Sheet'!B702,FIND("|",'Blind Scoring Sheet'!B702)-1))) | D46: =VALUE(TRIM(MID('Blind Scoring Sheet'!B702,FIND("|",'Blind Scoring Sheet'!B702)+1,20))) | E46: =D46-C46 | F46: =VALUE(TRIM(LEFT('Blind Scoring Sheet'!D702,FIND("|",'Blind Scoring Sheet'!D702)-1))) | G46: =VALUE(TRIM(MID('Blind Scoring Sheet'!D702,FIND("|",'Blind Scoring Sheet'!D702)+1,20))) | H46: =G46-F46 | I46: =VALUE(TRIM(LEFT('Blind Scoring Sheet'!F702,FIND("|",'Blind Scoring Sheet'!F702)-1))) | J46: =VALUE(TRIM(MID('Blind Scoring Sheet'!F702,FIND("|",'Blind Scoring Sheet'!F702)+1,20))) | K46: =J46-I46 | L46: =VALUE(TRIM(LEFT('Blind Scoring Sheet'!H702,FIND("|",'Blind Scoring Sheet'!H702)-1))) | M46: =VALUE(TRIM(MID('Blind Scoring Sheet'!H702,FIND("|",'Blind Scoring Sheet'!H702)+1,20))) | N46: =M46-L46 | O46: =VALUE(TRIM(LEFT('Blind Scoring Sheet'!J702,FIND("|",'Blind Scoring Sheet'!J702)-1))) | P46: =VALUE(TRIM(MID('Blind Scoring Sheet'!J702,FIND("|",'Blind Scoring Sheet'!J702)+1,20))) | Q46: =P46-O46 | R46: =ABS(Q46) | S46: =TRIM(LEFT('Blind Scoring Sheet'!K702,FIND("|",'Blind Scoring Sheet'!K702)-1)) | T46: =TRIM(MID('Blind Scoring Sheet'!K702,FIND("|",'Blind Scoring Sheet'!K702)+1,20)) | U46: =IF(S46=T46,"No","Yes") | V46: =IF(S46=T46,"— (agree)",S46&" → "&T46) | W46: =R46+ROW()/1000000
A47: R_0711 | B47: 714 | C47: =VALUE(TRIM(LEFT('Blind Scoring Sheet'!B714,FIND("|",'Blind Scoring Sheet'!B714)-1))) | D47: =VALUE(TRIM(MID('Blind Scoring Sheet'!B714,FIND("|",'Blind Scoring Sheet'!B714)+1,20))) | E47: =D47-C47 | F47: =VALUE(TRIM(LEFT('Blind Scoring Sheet'!D714,FIND("|",'Blind Scoring Sheet'!D714)-1))) | G47: =VALUE(TRIM(MID('Blind Scoring Sheet'!D714,FIND("|",'Blind Scoring Sheet'!D714)+1,20))) | H47: =G47-F47 | I47: =VALUE(TRIM(LEFT('Blind Scoring Sheet'!F714,FIND("|",'Blind Scoring Sheet'!F714)-1))) | J47: =VALUE(TRIM(MID('Blind Scoring Sheet'!F714,FIND("|",'Blind Scoring Sheet'!F714)+1,20))) | K47: =J47-I47 | L47: =VALUE(TRIM(LEFT('Blind Scoring Sheet'!H714,FIND("|",'Blind Scoring Sheet'!H714)-1))) | M47: =VALUE(TRIM(MID('Blind Scoring Sheet'!H714,FIND("|",'Blind Scoring Sheet'!H714)+1,20))) | N47: =M47-L47 | O47: =VALUE(TRIM(LEFT('Blind Scoring Sheet'!J714,FIND("|",'Blind Scoring Sheet'!J714)-1))) | P47: =VALUE(TRIM(MID('Blind Scoring Sheet'!J714,FIND("|",'Blind Scoring Sheet'!J714)+1,20))) | Q47: =P47-O47 | R47: =ABS(Q47) | S47: =TRIM(LEFT('Blind Scoring Sheet'!K714,FIND("|",'Blind Scoring Sheet'!K714)-1)) | T47: =TRIM(MID('Blind Scoring Sheet'!K714,FIND("|",'Blind Scoring Sheet'!K714)+1,20)) | U47: =IF(S47=T47,"No","Yes") | V47: =IF(S47=T47,"— (agree)",S47&" → "&T47) | W47: =R47+ROW()/1000000
A48: R_0712 | B48: 715 | C48: =VALUE(TRIM(LEFT('Blind Scoring Sheet'!B715,FIND("|",'Blind Scoring Sheet'!B715)-1))) | D48: =VALUE(TRIM(MID('Blind Scoring Sheet'!B715,FIND("|",'Blind Scoring Sheet'!B715)+1,20))) | E48: =D48-C48 | F48: =VALUE(TRIM(LEFT('Blind Scoring Sheet'!D715,FIND("|",'Blind Scoring Sheet'!D715)-1))) | G48: =VALUE(TRIM(MID('Blind Scoring Sheet'!D715,FIND("|",'Blind Scoring Sheet'!D715)+1,20))) | H48: =G48-F48 | I48: =VALUE(TRIM(LEFT('Blind Scoring Sheet'!F715,FIND("|",'Blind Scoring Sheet'!F715)-1))) | J48: =VALUE(TRIM(MID('Blind Scoring Sheet'!F715,FIND("|",'Blind Scoring Sheet'!F715)+1,20))) | K48: =J48-I48 | L48: =VALUE(TRIM(LEFT('Blind Scoring Sheet'!H715,FIND("|",'Blind Scoring Sheet'!H715)-1))) | M48: =VALUE(TRIM(MID('Blind Scoring Sheet'!H715,FIND("|",'Blind Scoring Sheet'!H715)+1,20))) | N48: =M48-L48 | O48: =VALUE(TRIM(LEFT('Blind Scoring Sheet'!J715,FIND("|",'Blind Scoring Sheet'!J715)-1))) | P48: =VALUE(TRIM(MID('Blind Scoring Sheet'!J715,FIND("|",'Blind Scoring Sheet'!J715)+1,20))) | Q48: =P48-O48 | R48: =ABS(Q48) | S48: =TRIM(LEFT('Blind Scoring Sheet'!K715,FIND("|",'Blind Scoring Sheet'!K715)-1)) | T48: =TRIM(MID('Blind Scoring Sheet'!K715,FIND("|",'Blind Scoring Sheet'!K715)+1,20)) | U48: =IF(S48=T48,"No","Yes") | V48: =IF(S48=T48,"— (agree)",S48&" → "&T48) | W48: =R48+ROW()/1000000
A49: R_0735 | B49: 738 | C49: =VALUE(TRIM(LEFT('Blind Scoring Sheet'!B738,FIND("|",'Blind Scoring Sheet'!B738)-1))) | D49: =VALUE(TRIM(MID('Blind Scoring Sheet'!B738,FIND("|",'Blind Scoring Sheet'!B738)+1,20))) | E49: =D49-C49 | F49: =VALUE(TRIM(LEFT('Blind Scoring Sheet'!D738,FIND("|",'Blind Scoring Sheet'!D738)-1))) | G49: =VALUE(TRIM(MID('Blind Scoring Sheet'!D738,FIND("|",'Blind Scoring Sheet'!D738)+1,20))) | H49: =G49-F49 | I49: =VALUE(TRIM(LEFT('Blind Scoring Sheet'!F738,FIND("|",'Blind Scoring Sheet'!F738)-1))) | J49: =VALUE(TRIM(MID('Blind Scoring Sheet'!F738,FIND("|",'Blind Scoring Sheet'!F738)+1,20))) | K49: =J49-I49 | L49: =VALUE(TRIM(LEFT('Blind Scoring Sheet'!H738,FIND("|",'Blind Scoring Sheet'!H738)-1))) | M49: =VALUE(TRIM(MID('Blind Scoring Sheet'!H738,FIND("|",'Blind Scoring Sheet'!H738)+1,20))) | N49: =M49-L49 | O49: =VALUE(TRIM(LEFT('Blind Scoring Sheet'!J738,FIND("|",'Blind Scoring Sheet'!J738)-1))) | P49: =VALUE(TRIM(MID('Blind Scoring Sheet'!J738,FIND("|",'Blind Scoring Sheet'!J738)+1,20))) | Q49: =P49-O49 | R49: =ABS(Q49) | S49: =TRIM(LEFT('Blind Scoring Sheet'!K738,FIND("|",'Blind Scoring Sheet'!K738)-1)) | T49: =TRIM(MID('Blind Scoring Sheet'!K738,FIND("|",'Blind Scoring Sheet'!K738)+1,20)) | U49: =IF(S49=T49,"No","Yes") | V49: =IF(S49=T49,"— (agree)",S49&" → "&T49) | W49: =R49+ROW()/1000000
A50: R_0737 | B50: 740 | C50: =VALUE(TRIM(LEFT('Blind Scoring Sheet'!B740,FIND("|",'Blind Scoring Sheet'!B740)-1))) | D50: =VALUE(TRIM(MID('Blind Scoring Sheet'!B740,FIND("|",'Blind Scoring Sheet'!B740)+1,20))) | E50: =D50-C50 | F50: =VALUE(TRIM(LEFT('Blind Scoring Sheet'!D740,FIND("|",'Blind Scoring Sheet'!D740)-1))) | G50: =VALUE(TRIM(MID('Blind Scoring Sheet'!D740,FIND("|",'Blind Scoring Sheet'!D740)+1,20))) | H50: =G50-F50 | I50: =VALUE(TRIM(LEFT('Blind Scoring Sheet'!F740,FIND("|",'Blind Scoring Sheet'!F740)-1))) | J50: =VALUE(TRIM(MID('Blind Scoring Sheet'!F740,FIND("|",'Blind Scoring Sheet'!F740)+1,20))) | K50: =J50-I50 | L50: =VALUE(TRIM(LEFT('Blind Scoring Sheet'!H740,FIND("|",'Blind Scoring Sheet'!H740)-1))) | M50: =VALUE(TRIM(MID('Blind Scoring Sheet'!H740,FIND("|",'Blind Scoring Sheet'!H740)+1,20))) | N50: =M50-L50 | O50: =VALUE(TRIM(LEFT('Blind Scoring Sheet'!J740,FIND("|",'Blind Scoring Sheet'!J740)-1))) | P50: =VALUE(TRIM(MID('Blind Scoring Sheet'!J740,FIND("|",'Blind Scoring Sheet'!J740)+1,20))) | Q50: =P50-O50 | R50: =ABS(Q50) | S50: =TRIM(LEFT('Blind Scoring Sheet'!K740,FIND("|",'Blind Scoring Sheet'!K740)-1)) | T50: =TRIM(MID('Blind Scoring Sheet'!K740,FIND("|",'Blind Scoring Sheet'!K740)+1,20)) | U50: =IF(S50=T50,"No","Yes") | V50: =IF(S50=T50,"— (agree)",S50&" → "&T50) | W50: =R50+ROW()/1000000
A51: R_0738 | B51: 741 | C51: =VALUE(TRIM(LEFT('Blind Scoring Sheet'!B741,FIND("|",'Blind Scoring Sheet'!B741)-1))) | D51: =VALUE(TRIM(MID('Blind Scoring Sheet'!B741,FIND("|",'Blind Scoring Sheet'!B741)+1,20))) | E51: =D51-C51 | F51: =VALUE(TRIM(LEFT('Blind Scoring Sheet'!D741,FIND("|",'Blind Scoring Sheet'!D741)-1))) | G51: =VALUE(TRIM(MID('Blind Scoring Sheet'!D741,FIND("|",'Blind Scoring Sheet'!D741)+1,20))) | H51: =G51-F51 | I51: =VALUE(TRIM(LEFT('Blind Scoring Sheet'!F741,FIND("|",'Blind Scoring Sheet'!F741)-1))) | J51: =VALUE(TRIM(MID('Blind Scoring Sheet'!F741,FIND("|",'Blind Scoring Sheet'!F741)+1,20))) | K51: =J51-I51 | L51: =VALUE(TRIM(LEFT('Blind Scoring Sheet'!H741,FIND("|",'Blind Scoring Sheet'!H741)-1))) | M51: =VALUE(TRIM(MID('Blind Scoring Sheet'!H741,FIND("|",'Blind Scoring Sheet'!H741)+1,20))) | N51: =M51-L51 | O51: =VALUE(TRIM(LEFT('Blind Scoring Sheet'!J741,FIND("|",'Blind Scoring Sheet'!J741)-1))) | P51: =VALUE(TRIM(MID('Blind Scoring Sheet'!J741,FIND("|",'Blind Scoring Sheet'!J741)+1,20))) | Q51: =P51-O51 | R51: =ABS(Q51) | S51: =TRIM(LEFT('Blind Scoring Sheet'!K741,FIND("|",'Blind Scoring Sheet'!K741)-1)) | T51: =TRIM(MID('Blind Scoring Sheet'!K741,FIND("|",'Blind Scoring Sheet'!K741)+1,20)) | U51: =IF(S51=T51,"No","Yes") | V51: =IF(S51=T51,"— (agree)",S51&" → "&T51) | W51: =R51+ROW()/1000000
A52: R_0773 | B52: 776 | C52: =VALUE(TRIM(LEFT('Blind Scoring Sheet'!B776,FIND("|",'Blind Scoring Sheet'!B776)-1))) | D52: =VALUE(TRIM(MID('Blind Scoring Sheet'!B776,FIND("|",'Blind Scoring Sheet'!B776)+1,20))) | E52: =D52-C52 | F52: =VALUE(TRIM(LEFT('Blind Scoring Sheet'!D776,FIND("|",'Blind Scoring Sheet'!D776)-1))) | G52: =VALUE(TRIM(MID('Blind Scoring Sheet'!D776,FIND("|",'Blind Scoring Sheet'!D776)+1,20))) | H52: =G52-F52 | I52: =VALUE(TRIM(LEFT('Blind Scoring Sheet'!F776,FIND("|",'Blind Scoring Sheet'!F776)-1))) | J52: =VALUE(TRIM(MID('Blind Scoring Sheet'!F776,FIND("|",'Blind Scoring Sheet'!F776)+1,20))) | K52: =J52-I52 | L52: =VALUE(TRIM(LEFT('Blind Scoring Sheet'!H776,FIND("|",'Blind Scoring Sheet'!H776)-1))) | M52: =VALUE(TRIM(MID('Blind Scoring Sheet'!H776,FIND("|",'Blind Scoring Sheet'!H776)+1,20))) | N52: =M52-L52 | O52: =VALUE(TRIM(LEFT('Blind Scoring Sheet'!J776,FIND("|",'Blind Scoring Sheet'!J776)-1))) | P52: =VALUE(TRIM(MID('Blind Scoring Sheet'!J776,FIND("|",'Blind Scoring Sheet'!J776)+1,20))) | Q52: =P52-O52 | R52: =ABS(Q52) | S52: =TRIM(LEFT('Blind Scoring Sheet'!K776,FIND("|",'Blind Scoring Sheet'!K776)-1)) | T52: =TRIM(MID('Blind Scoring Sheet'!K776,FIND("|",'Blind Scoring Sheet'!K776)+1,20)) | U52: =IF(S52=T52,"No","Yes") | V52: =IF(S52=T52,"— (agree)",S52&" → "&T52) | W52: =R52+ROW()/1000000
A53: R_0788 | B53: 791 | C53: =VALUE(TRIM(LEFT('Blind Scoring Sheet'!B791,FIND("|",'Blind Scoring Sheet'!B791)-1))) | D53: =VALUE(TRIM(MID('Blind Scoring Sheet'!B791,FIND("|",'Blind Scoring Sheet'!B791)+1,20))) | E53: =D53-C53 | F53: =VALUE(TRIM(LEFT('Blind Scoring Sheet'!D791,FIND("|",'Blind Scoring Sheet'!D791)-1))) | G53: =VALUE(TRIM(MID('Blind Scoring Sheet'!D791,FIND("|",'Blind Scoring Sheet'!D791)+1,20))) | H53: =G53-F53 | I53: =VALUE(TRIM(LEFT('Blind Scoring Sheet'!F791,FIND("|",'Blind Scoring Sheet'!F791)-1))) | J53: =VALUE(TRIM(MID('Blind Scoring Sheet'!F791,FIND("|",'Blind Scoring Sheet'!F791)+1,20))) | K53: =J53-I53 | L53: =VALUE(TRIM(LEFT('Blind Scoring Sheet'!H791,FIND("|",'Blind Scoring Sheet'!H791)-1))) | M53: =VALUE(TRIM(MID('Blind Scoring Sheet'!H791,FIND("|",'Blind Scoring Sheet'!H791)+1,20))) | N53: =M53-L53 | O53: =VALUE(TRIM(LEFT('Blind Scoring Sheet'!J791,FIND("|",'Blind Scoring Sheet'!J791)-1))) | P53: =VALUE(TRIM(MID('Blind Scoring Sheet'!J791,FIND("|",'Blind Scoring Sheet'!J791)+1,20))) | Q53: =P53-O53 | R53: =ABS(Q53) | S53: =TRIM(LEFT('Blind Scoring Sheet'!K791,FIND("|",'Blind Scoring Sheet'!K791)-1)) | T53: =TRIM(MID('Blind Scoring Sheet'!K791,FIND("|",'Blind Scoring Sheet'!K791)+1,20)) | U53: =IF(S53=T53,"No","Yes") | V53: =IF(S53=T53,"— (agree)",S53&" → "&T53) | W53: =R53+ROW()/1000000
A54: R_0789 | B54: 792 | C54: =VALUE(TRIM(LEFT('Blind Scoring Sheet'!B792,FIND("|",'Blind Scoring Sheet'!B792)-1))) | D54: =VALUE(TRIM(MID('Blind Scoring Sheet'!B792,FIND("|",'Blind Scoring Sheet'!B792)+1,20))) | E54: =D54-C54 | F54: =VALUE(TRIM(LEFT('Blind Scoring Sheet'!D792,FIND("|",'Blind Scoring Sheet'!D792)-1))) | G54: =VALUE(TRIM(MID('Blind Scoring Sheet'!D792,FIND("|",'Blind Scoring Sheet'!D792)+1,20))) | H54: =G54-F54 | I54: =VALUE(TRIM(LEFT('Blind Scoring Sheet'!F792,FIND("|",'Blind Scoring Sheet'!F792)-1))) | J54: =VALUE(TRIM(MID('Blind Scoring Sheet'!F792,FIND("|",'Blind Scoring Sheet'!F792)+1,20))) | K54: =J54-I54 | L54: =VALUE(TRIM(LEFT('Blind Scoring Sheet'!H792,FIND("|",'Blind Scoring Sheet'!H792)-1))) | M54: =VALUE(TRIM(MID('Blind Scoring Sheet'!H792,FIND("|",'Blind Scoring Sheet'!H792)+1,20))) | N54: =M54-L54 | O54: =VALUE(TRIM(LEFT('Blind Scoring Sheet'!J792,FIND("|",'Blind Scoring Sheet'!J792)-1))) | P54: =VALUE(TRIM(MID('Blind Scoring Sheet'!J792,FIND("|",'Blind Scoring Sheet'!J792)+1,20))) | Q54: =P54-O54 | R54: =ABS(Q54) | S54: =TRIM(LEFT('Blind Scoring Sheet'!K792,FIND("|",'Blind Scoring Sheet'!K792)-1)) | T54: =TRIM(MID('Blind Scoring Sheet'!K792,FIND("|",'Blind Scoring Sheet'!K792)+1,20)) | U54: =IF(S54=T54,"No","Yes") | V54: =IF(S54=T54,"— (agree)",S54&" → "&T54) | W54: =R54+ROW()/1000000
A55: R_0796 | B55: 799 | C55: =VALUE(TRIM(LEFT('Blind Scoring Sheet'!B799,FIND("|",'Blind Scoring Sheet'!B799)-1))) | D55: =VALUE(TRIM(MID('Blind Scoring Sheet'!B799,FIND("|",'Blind Scoring Sheet'!B799)+1,20))) | E55: =D55-C55 | F55: =VALUE(TRIM(LEFT('Blind Scoring Sheet'!D799,FIND("|",'Blind Scoring Sheet'!D799)-1))) | G55: =VALUE(TRIM(MID('Blind Scoring Sheet'!D799,FIND("|",'Blind Scoring Sheet'!D799)+1,20))) | H55: =G55-F55 | I55: =VALUE(TRIM(LEFT('Blind Scoring Sheet'!F799,FIND("|",'Blind Scoring Sheet'!F799)-1))) | J55: =VALUE(TRIM(MID('Blind Scoring Sheet'!F799,FIND("|",'Blind Scoring Sheet'!F799)+1,20))) | K55: =J55-I55 | L55: =VALUE(TRIM(LEFT('Blind Scoring Sheet'!H799,FIND("|",'Blind Scoring Sheet'!H799)-1))) | M55: =VALUE(TRIM(MID('Blind Scoring Sheet'!H799,FIND("|",'Blind Scoring Sheet'!H799)+1,20))) | N55: =M55-L55 | O55: =VALUE(TRIM(LEFT('Blind Scoring Sheet'!J799,FIND("|",'Blind Scoring Sheet'!J799)-1))) | P55: =VALUE(TRIM(MID('Blind Scoring Sheet'!J799,FIND("|",'Blind Scoring Sheet'!J799)+1,20))) | Q55: =P55-O55 | R55: =ABS(Q55) | S55: =TRIM(LEFT('Blind Scoring Sheet'!K799,FIND("|",'Blind Scoring Sheet'!K799)-1)) | T55: =TRIM(MID('Blind Scoring Sheet'!K799,FIND("|",'Blind Scoring Sheet'!K799)+1,20)) | U55: =IF(S55=T55,"No","Yes") | V55: =IF(S55=T55,"— (agree)",S55&" → "&T55) | W55: =R55+ROW()/1000000
A56: R_0804 | B56: 807 | C56: =VALUE(TRIM(LEFT('Blind Scoring Sheet'!B807,FIND("|",'Blind Scoring Sheet'!B807)-1))) | D56: =VALUE(TRIM(MID('Blind Scoring Sheet'!B807,FIND("|",'Blind Scoring Sheet'!B807)+1,20))) | E56: =D56-C56 | F56: =VALUE(TRIM(LEFT('Blind Scoring Sheet'!D807,FIND("|",'Blind Scoring Sheet'!D807)-1))) | G56: =VALUE(TRIM(MID('Blind Scoring Sheet'!D807,FIND("|",'Blind Scoring Sheet'!D807)+1,20))) | H56: =G56-F56 | I56: =VALUE(TRIM(LEFT('Blind Scoring Sheet'!F807,FIND("|",'Blind Scoring Sheet'!F807)-1))) | J56: =VALUE(TRIM(MID('Blind Scoring Sheet'!F807,FIND("|",'Blind Scoring Sheet'!F807)+1,20))) | K56: =J56-I56 | L56: =VALUE(TRIM(LEFT('Blind Scoring Sheet'!H807,FIND("|",'Blind Scoring Sheet'!H807)-1))) | M56: =VALUE(TRIM(MID('Blind Scoring Sheet'!H807,FIND("|",'Blind Scoring Sheet'!H807)+1,20))) | N56: =M56-L56 | O56: =VALUE(TRIM(LEFT('Blind Scoring Sheet'!J807,FIND("|",'Blind Scoring Sheet'!J807)-1))) | P56: =VALUE(TRIM(MID('Blind Scoring Sheet'!J807,FIND("|",'Blind Scoring Sheet'!J807)+1,20))) | Q56: =P56-O56 | R56: =ABS(Q56) | S56: =TRIM(LEFT('Blind Scoring Sheet'!K807,FIND("|",'Blind Scoring Sheet'!K807)-1)) | T56: =TRIM(MID('Blind Scoring Sheet'!K807,FIND("|",'Blind Scoring Sheet'!K807)+1,20)) | U56: =IF(S56=T56,"No","Yes") | V56: =IF(S56=T56,"— (agree)",S56&" → "&T56) | W56: =R56+ROW()/1000000
A57: R_0858 | B57: 861 | C57: =VALUE(TRIM(LEFT('Blind Scoring Sheet'!B861,FIND("|",'Blind Scoring Sheet'!B861)-1))) | D57: =VALUE(TRIM(MID('Blind Scoring Sheet'!B861,FIND("|",'Blind Scoring Sheet'!B861)+1,20))) | E57: =D57-C57 | F57: =VALUE(TRIM(LEFT('Blind Scoring Sheet'!D861,FIND("|",'Blind Scoring Sheet'!D861)-1))) | G57: =VALUE(TRIM(MID('Blind Scoring Sheet'!D861,FIND("|",'Blind Scoring Sheet'!D861)+1,20))) | H57: =G57-F57 | I57: =VALUE(TRIM(LEFT('Blind Scoring Sheet'!F861,FIND("|",'Blind Scoring Sheet'!F861)-1))) | J57: =VALUE(TRIM(MID('Blind Scoring Sheet'!F861,FIND("|",'Blind Scoring Sheet'!F861)+1,20))) | K57: =J57-I57 | L57: =VALUE(TRIM(LEFT('Blind Scoring Sheet'!H861,FIND("|",'Blind Scoring Sheet'!H861)-1))) | M57: =VALUE(TRIM(MID('Blind Scoring Sheet'!H861,FIND("|",'Blind Scoring Sheet'!H861)+1,20))) | N57: =M57-L57 | O57: =VALUE(TRIM(LEFT('Blind Scoring Sheet'!J861,FIND("|",'Blind Scoring Sheet'!J861)-1))) | P57: =VALUE(TRIM(MID('Blind Scoring Sheet'!J861,FIND("|",'Blind Scoring Sheet'!J861)+1,20))) | Q57: =P57-O57 | R57: =ABS(Q57) | S57: =TRIM(LEFT('Blind Scoring Sheet'!K861,FIND("|",'Blind Scoring Sheet'!K861)-1)) | T57: =TRIM(MID('Blind Scoring Sheet'!K861,FIND("|",'Blind Scoring Sheet'!K861)+1,20)) | U57: =IF(S57=T57,"No","Yes") | V57: =IF(S57=T57,"— (agree)",S57&" → "&T57) | W57: =R57+ROW()/1000000
A58: R_0917 | B58: 920 | C58: =VALUE(TRIM(LEFT('Blind Scoring Sheet'!B920,FIND("|",'Blind Scoring Sheet'!B920)-1))) | D58: =VALUE(TRIM(MID('Blind Scoring Sheet'!B920,FIND("|",'Blind Scoring Sheet'!B920)+1,20))) | E58: =D58-C58 | F58: =VALUE(TRIM(LEFT('Blind Scoring Sheet'!D920,FIND("|",'Blind Scoring Sheet'!D920)-1))) | G58: =VALUE(TRIM(MID('Blind Scoring Sheet'!D920,FIND("|",'Blind Scoring Sheet'!D920)+1,20))) | H58: =G58-F58 | I58: =VALUE(TRIM(LEFT('Blind Scoring Sheet'!F920,FIND("|",'Blind Scoring Sheet'!F920)-1))) | J58: =VALUE(TRIM(MID('Blind Scoring Sheet'!F920,FIND("|",'Blind Scoring Sheet'!F920)+1,20))) | K58: =J58-I58 | L58: =VALUE(TRIM(LEFT('Blind Scoring Sheet'!H920,FIND("|",'Blind Scoring Sheet'!H920)-1))) | M58: =VALUE(TRIM(MID('Blind Scoring Sheet'!H920,FIND("|",'Blind Scoring Sheet'!H920)+1,20))) | N58: =M58-L58 | O58: =VALUE(TRIM(LEFT('Blind Scoring Sheet'!J920,FIND("|",'Blind Scoring Sheet'!J920)-1))) | P58: =VALUE(TRIM(MID('Blind Scoring Sheet'!J920,FIND("|",'Blind Scoring Sheet'!J920)+1,20))) | Q58: =P58-O58 | R58: =ABS(Q58) | S58: =TRIM(LEFT('Blind Scoring Sheet'!K920,FIND("|",'Blind Scoring Sheet'!K920)-1)) | T58: =TRIM(MID('Blind Scoring Sheet'!K920,FIND("|",'Blind Scoring Sheet'!K920)+1,20)) | U58: =IF(S58=T58,"No","Yes") | V58: =IF(S58=T58,"— (agree)",S58&" → "&T58) | W58: =R58+ROW()/1000000
A59: R_0918 | B59: 921 | C59: =VALUE(TRIM(LEFT('Blind Scoring Sheet'!B921,FIND("|",'Blind Scoring Sheet'!B921)-1))) | D59: =VALUE(TRIM(MID('Blind Scoring Sheet'!B921,FIND("|",'Blind Scoring Sheet'!B921)+1,20))) | E59: =D59-C59 | F59: =VALUE(TRIM(LEFT('Blind Scoring Sheet'!D921,FIND("|",'Blind Scoring Sheet'!D921)-1))) | G59: =VALUE(TRIM(MID('Blind Scoring Sheet'!D921,FIND("|",'Blind Scoring Sheet'!D921)+1,20))) | H59: =G59-F59 | I59: =VALUE(TRIM(LEFT('Blind Scoring Sheet'!F921,FIND("|",'Blind Scoring Sheet'!F921)-1))) | J59: =VALUE(TRIM(MID('Blind Scoring Sheet'!F921,FIND("|",'Blind Scoring Sheet'!F921)+1,20))) | K59: =J59-I59 | L59: =VALUE(TRIM(LEFT('Blind Scoring Sheet'!H921,FIND("|",'Blind Scoring Sheet'!H921)-1))) | M59: =VALUE(TRIM(MID('Blind Scoring Sheet'!H921,FIND("|",'Blind Scoring Sheet'!H921)+1,20))) | N59: =M59-L59 | O59: =VALUE(TRIM(LEFT('Blind Scoring Sheet'!J921,FIND("|",'Blind Scoring Sheet'!J921)-1))) | P59: =VALUE(TRIM(MID('Blind Scoring Sheet'!J921,FIND("|",'Blind Scoring Sheet'!J921)+1,20))) | Q59: =P59-O59 | R59: =ABS(Q59) | S59: =TRIM(LEFT('Blind Scoring Sheet'!K921,FIND("|",'Blind Scoring Sheet'!K921)-1)) | T59: =TRIM(MID('Blind Scoring Sheet'!K921,FIND("|",'Blind Scoring Sheet'!K921)+1,20)) | U59: =IF(S59=T59,"No","Yes") | V59: =IF(S59=T59,"— (agree)",S59&" → "&T59) | W59: =R59+ROW()/1000000
A60: R_0943 | B60: 946 | C60: =VALUE(TRIM(LEFT('Blind Scoring Sheet'!B946,FIND("|",'Blind Scoring Sheet'!B946)-1))) | D60: =VALUE(TRIM(MID('Blind Scoring Sheet'!B946,FIND("|",'Blind Scoring Sheet'!B946)+1,20))) | E60: =D60-C60 | F60: =VALUE(TRIM(LEFT('Blind Scoring Sheet'!D946,FIND("|",'Blind Scoring Sheet'!D946)-1))) | G60: =VALUE(TRIM(MID('Blind Scoring Sheet'!D946,FIND("|",'Blind Scoring Sheet'!D946)+1,20))) | H60: =G60-F60 | I60: =VALUE(TRIM(LEFT('Blind Scoring Sheet'!F946,FIND("|",'Blind Scoring Sheet'!F946)-1))) | J60: =VALUE(TRIM(MID('Blind Scoring Sheet'!F946,FIND("|",'Blind Scoring Sheet'!F946)+1,20))) | K60: =J60-I60 | L60: =VALUE(TRIM(LEFT('Blind Scoring Sheet'!H946,FIND("|",'Blind Scoring Sheet'!H946)-1))) | M60: =VALUE(TRIM(MID('Blind Scoring Sheet'!H946,FIND("|",'Blind Scoring Sheet'!H946)+1,20))) | N60: =M60-L60 | O60: =VALUE(TRIM(LEFT('Blind Scoring Sheet'!J946,FIND("|",'Blind Scoring Sheet'!J946)-1))) | P60: =VALUE(TRIM(MID('Blind Scoring Sheet'!J946,FIND("|",'Blind Scoring Sheet'!J946)+1,20))) | Q60: =P60-O60 | R60: =ABS(Q60) | S60: =TRIM(LEFT('Blind Scoring Sheet'!K946,FIND("|",'Blind Scoring Sheet'!K946)-1)) | T60: =TRIM(MID('Blind Scoring Sheet'!K946,FIND("|",'Blind Scoring Sheet'!K946)+1,20)) | U60: =IF(S60=T60,"No","Yes") | V60: =IF(S60=T60,"— (agree)",S60&" → "&T60) | W60: =R60+ROW()/1000000
A61: R_0963 | B61: 966 | C61: =VALUE(TRIM(LEFT('Blind Scoring Sheet'!B966,FIND("|",'Blind Scoring Sheet'!B966)-1))) | D61: =VALUE(TRIM(MID('Blind Scoring Sheet'!B966,FIND("|",'Blind Scoring Sheet'!B966)+1,20))) | E61: =D61-C61 | F61: =VALUE(TRIM(LEFT('Blind Scoring Sheet'!D966,FIND("|",'Blind Scoring Sheet'!D966)-1))) | G61: =VALUE(TRIM(MID('Blind Scoring Sheet'!D966,FIND("|",'Blind Scoring Sheet'!D966)+1,20))) | H61: =G61-F61 | I61: =VALUE(TRIM(LEFT('Blind Scoring Sheet'!F966,FIND("|",'Blind Scoring Sheet'!F966)-1))) | J61: =VALUE(TRIM(MID('Blind Scoring Sheet'!F966,FIND("|",'Blind Scoring Sheet'!F966)+1,20))) | K61: =J61-I61 | L61: =VALUE(TRIM(LEFT('Blind Scoring Sheet'!H966,FIND("|",'Blind Scoring Sheet'!H966)-1))) | M61: =VALUE(TRIM(MID('Blind Scoring Sheet'!H966,FIND("|",'Blind Scoring Sheet'!H966)+1,20))) | N61: =M61-L61 | O61: =VALUE(TRIM(LEFT('Blind Scoring Sheet'!J966,FIND("|",'Blind Scoring Sheet'!J966)-1))) | P61: =VALUE(TRIM(MID('Blind Scoring Sheet'!J966,FIND("|",'Blind Scoring Sheet'!J966)+1,20))) | Q61: =P61-O61 | R61: =ABS(Q61) | S61: =TRIM(LEFT('Blind Scoring Sheet'!K966,FIND("|",'Blind Scoring Sheet'!K966)-1)) | T61: =TRIM(MID('Blind Scoring Sheet'!K966,FIND("|",'Blind Scoring Sheet'!K966)+1,20)) | U61: =IF(S61=T61,"No","Yes") | V61: =IF(S61=T61,"— (agree)",S61&" → "&T61) | W61: =R61+ROW()/1000000
A62: R_0993 | B62: 996 | C62: =VALUE(TRIM(LEFT('Blind Scoring Sheet'!B996,FIND("|",'Blind Scoring Sheet'!B996)-1))) | D62: =VALUE(TRIM(MID('Blind Scoring Sheet'!B996,FIND("|",'Blind Scoring Sheet'!B996)+1,20))) | E62: =D62-C62 | F62: =VALUE(TRIM(LEFT('Blind Scoring Sheet'!D996,FIND("|",'Blind Scoring Sheet'!D996)-1))) | G62: =VALUE(TRIM(MID('Blind Scoring Sheet'!D996,FIND("|",'Blind Scoring Sheet'!D996)+1,20))) | H62: =G62-F62 | I62: =VALUE(TRIM(LEFT('Blind Scoring Sheet'!F996,FIND("|",'Blind Scoring Sheet'!F996)-1))) | J62: =VALUE(TRIM(MID('Blind Scoring Sheet'!F996,FIND("|",'Blind Scoring Sheet'!F996)+1,20))) | K62: =J62-I62 | L62: =VALUE(TRIM(LEFT('Blind Scoring Sheet'!H996,FIND("|",'Blind Scoring Sheet'!H996)-1))) | M62: =VALUE(TRIM(MID('Blind Scoring Sheet'!H996,FIND("|",'Blind Scoring Sheet'!H996)+1,20))) | N62: =M62-L62 | O62: =VALUE(TRIM(LEFT('Blind Scoring Sheet'!J996,FIND("|",'Blind Scoring Sheet'!J996)-1))) | P62: =VALUE(TRIM(MID('Blind Scoring Sheet'!J996,FIND("|",'Blind Scoring Sheet'!J996)+1,20))) | Q62: =P62-O62 | R62: =ABS(Q62) | S62: =TRIM(LEFT('Blind Scoring Sheet'!K996,FIND("|",'Blind Scoring Sheet'!K996)-1)) | T62: =TRIM(MID('Blind Scoring Sheet'!K996,FIND("|",'Blind Scoring Sheet'!K996)+1,20)) | U62: =IF(S62=T62,"No","Yes") | V62: =IF(S62=T62,"— (agree)",S62&" → "&T62) | W62: =R62+ROW()/1000000
A63: R_0994 | B63: 997 | C63: =VALUE(TRIM(LEFT('Blind Scoring Sheet'!B997,FIND("|",'Blind Scoring Sheet'!B997)-1))) | D63: =VALUE(TRIM(MID('Blind Scoring Sheet'!B997,FIND("|",'Blind Scoring Sheet'!B997)+1,20))) | E63: =D63-C63 | F63: =VALUE(TRIM(LEFT('Blind Scoring Sheet'!D997,FIND("|",'Blind Scoring Sheet'!D997)-1))) | G63: =VALUE(TRIM(MID('Blind Scoring Sheet'!D997,FIND("|",'Blind Scoring Sheet'!D997)+1,20))) | H63: =G63-F63 | I63: =VALUE(TRIM(LEFT('Blind Scoring Sheet'!F997,FIND("|",'Blind Scoring Sheet'!F997)-1))) | J63: =VALUE(TRIM(MID('Blind Scoring Sheet'!F997,FIND("|",'Blind Scoring Sheet'!F997)+1,20))) | K63: =J63-I63 | L63: =VALUE(TRIM(LEFT('Blind Scoring Sheet'!H997,FIND("|",'Blind Scoring Sheet'!H997)-1))) | M63: =VALUE(TRIM(MID('Blind Scoring Sheet'!H997,FIND("|",'Blind Scoring Sheet'!H997)+1,20))) | N63: =M63-L63 | O63: =VALUE(TRIM(LEFT('Blind Scoring Sheet'!J997,FIND("|",'Blind Scoring Sheet'!J997)-1))) | P63: =VALUE(TRIM(MID('Blind Scoring Sheet'!J997,FIND("|",'Blind Scoring Sheet'!J997)+1,20))) | Q63: =P63-O63 | R63: =ABS(Q63) | S63: =TRIM(LEFT('Blind Scoring Sheet'!K997,FIND("|",'Blind Scoring Sheet'!K997)-1)) | T63: =TRIM(MID('Blind Scoring Sheet'!K997,FIND("|",'Blind Scoring Sheet'!K997)+1,20)) | U63: =IF(S63=T63,"No","Yes") | V63: =IF(S63=T63,"— (agree)",S63&" → "&T63) | W63: =R63+ROW()/1000000

Sheet Dashboard Calc
A1: DASHBOARD CALC (helper) | Auto-generated. Live formulas extract the Gemma3/model score (left of pipe on dual-scored rows) and the strategy for every report. Feeds Analysis Dashboard rows 4-8.
A3: Random_ID | B3: Strategy | C3: Gemma3 Actionability | D3: Gemma3 Analytical Rigor | E3: Gemma3 Language Appr. | F3: Gemma3 Structure | G3: Gemma3 Composite | H3: Gemma3 Verdict
A4: ='Blind Scoring Sheet'!A4 | B4: =MID(INDEX('Anonymization Key'!$B$4:$B$1003,MATCH(A4,'Anonymization Key'!$A$4:$A$1003,0)),3,2) | C4: =IF(ISNUMBER('Blind Scoring Sheet'!B4),'Blind Scoring Sheet'!B4,VALUE(TRIM(LEFT('Blind Scoring Sheet'!B4,FIND("|",'Blind Scoring Sheet'!B4)-1)))) | D4: =IF(ISNUMBER('Blind Scoring Sheet'!D4),'Blind Scoring Sheet'!D4,VALUE(TRIM(LEFT('Blind Scoring Sheet'!D4,FIND("|",'Blind Scoring Sheet'!D4)-1)))) | E4: =IF(ISNUMBER('Blind Scoring Sheet'!F4),'Blind Scoring Sheet'!F4,VALUE(TRIM(LEFT('Blind Scoring Sheet'!F4,FIND("|",'Blind Scoring Sheet'!F4)-1)))) | F4: =IF(ISNUMBER('Blind Scoring Sheet'!H4),'Blind Scoring Sheet'!H4,VALUE(TRIM(LEFT('Blind Scoring Sheet'!H4,FIND("|",'Blind Scoring Sheet'!H4)-1)))) | G4: =IF(ISNUMBER('Blind Scoring Sheet'!J4),'Blind Scoring Sheet'!J4,VALUE(TRIM(LEFT('Blind Scoring Sheet'!J4,FIND("|",'Blind Scoring Sheet'!J4)-1)))) | H4: =IF(ISNUMBER(SEARCH("|",'Blind Scoring Sheet'!K4)),TRIM(LEFT('Blind Scoring Sheet'!K4,FIND("|",'Blind Scoring Sheet'!K4)-1)),TRIM('Blind Scoring Sheet'!K4))
A5: ='Blind Scoring Sheet'!A5 | B5: =MID(INDEX('Anonymization Key'!$B$4:$B$1003,MATCH(A5,'Anonymization Key'!$A$4:$A$1003,0)),3,2) | C5: =IF(ISNUMBER('Blind Scoring Sheet'!B5),'Blind Scoring Sheet'!B5,VALUE(TRIM(LEFT('Blind Scoring Sheet'!B5,FIND("|",'Blind Scoring Sheet'!B5)-1)))) | D5: =IF(ISNUMBER('Blind Scoring Sheet'!D5),'Blind Scoring Sheet'!D5,VALUE(TRIM(LEFT('Blind Scoring Sheet'!D5,FIND("|",'Blind Scoring Sheet'!D5)-1)))) | E5: =IF(ISNUMBER('Blind Scoring Sheet'!F5),'Blind Scoring Sheet'!F5,VALUE(TRIM(LEFT('Blind Scoring Sheet'!F5,FIND("|",'Blind Scoring Sheet'!F5)-1)))) | F5: =IF(ISNUMBER('Blind Scoring Sheet'!H5),'Blind Scoring Sheet'!H5,VALUE(TRIM(LEFT('Blind Scoring Sheet'!H5,FIND("|",'Blind Scoring Sheet'!H5)-1)))) | G5: =IF(ISNUMBER('Blind Scoring Sheet'!J5),'Blind Scoring Sheet'!J5,VALUE(TRIM(LEFT('Blind Scoring Sheet'!J5,FIND("|",'Blind Scoring Sheet'!J5)-1)))) | H5: =IF(ISNUMBER(SEARCH("|",'Blind Scoring Sheet'!K5)),TRIM(LEFT('Blind Scoring Sheet'!K5,FIND("|",'Blind Scoring Sheet'!K5)-1)),TRIM('Blind Scoring Sheet'!K5))
A6: ='Blind Scoring Sheet'!A6 | B6: =MID(INDEX('Anonymization Key'!$B$4:$B$1003,MATCH(A6,'Anonymization Key'!$A$4:$A$1003,0)),3,2) | C6: =IF(ISNUMBER('Blind Scoring Sheet'!B6),'Blind Scoring Sheet'!B6,VALUE(TRIM(LEFT('Blind Scoring Sheet'!B6,FIND("|",'Blind Scoring Sheet'!B6)-1)))) | D6: =IF(ISNUMBER('Blind Scoring Sheet'!D6),'Blind Scoring Sheet'!D6,VALUE(TRIM(LEFT('Blind Scoring Sheet'!D6,FIND("|",'Blind Scoring Sheet'!D6)-1)))) | E6: =IF(ISNUMBER('Blind Scoring Sheet'!F6),'Blind Scoring Sheet'!F6,VALUE(TRIM(LEFT('Blind Scoring Sheet'!F6,FIND("|",'Blind Scoring Sheet'!F6)-1)))) | F6: =IF(ISNUMBER('Blind Scoring Sheet'!H6),'Blind Scoring Sheet'!H6,VALUE(TRIM(LEFT('Blind Scoring Sheet'!H6,FIND("|",'Blind Scoring Sheet'!H6)-1)))) | G6: =IF(ISNUMBER('Blind Scoring Sheet'!J6),'Blind Scoring Sheet'!J6,VALUE(TRIM(LEFT('Blind Scoring Sheet'!J6,FIND("|",'Blind Scoring Sheet'!J6)-1)))) | H6: =IF(ISNUMBER(SEARCH("|",'Blind Scoring Sheet'!K6)),TRIM(LEFT('Blind Scoring Sheet'!K6,FIND("|",'Blind Scoring Sheet'!K6)-1)),TRIM('Blind Scoring Sheet'!K6))
A7: ='Blind Scoring Sheet'!A7 | B7: =MID(INDEX('Anonymization Key'!$B$4:$B$1003,MATCH(A7,'Anonymization Key'!$A$4:$A$1003,0)),3,2) | C7: =IF(ISNUMBER('Blind Scoring Sheet'!B7),'Blind Scoring Sheet'!B7,VALUE(TRIM(LEFT('Blind Scoring Sheet'!B7,FIND("|",'Blind Scoring Sheet'!B7)-1)))) | D7: =IF(ISNUMBER('Blind Scoring Sheet'!D7),'Blind Scoring Sheet'!D7,VALUE(TRIM(LEFT('Blind Scoring Sheet'!D7,FIND("|",'Blind Scoring Sheet'!D7)-1)))) | E7: =IF(ISNUMBER('Blind Scoring Sheet'!F7),'Blind Scoring Sheet'!F7,VALUE(TRIM(LEFT('Blind Scoring Sheet'!F7,FIND("|",'Blind Scoring Sheet'!F7)-1)))) | F7: =IF(ISNUMBER('Blind Scoring Sheet'!H7),'Blind Scoring Sheet'!H7,VALUE(TRIM(LEFT('Blind Scoring Sheet'!H7,FIND("|",'Blind Scoring Sheet'!H7)-1)))) | G7: =IF(ISNUMBER('Blind Scoring Sheet'!J7),'Blind Scoring Sheet'!J7,VALUE(TRIM(LEFT('Blind Scoring Sheet'!J7,FIND("|",'Blind Scoring Sheet'!J7)-1)))) | H7: =IF(ISNUMBER(SEARCH("|",'Blind Scoring Sheet'!K7)),TRIM(LEFT('Blind Scoring Sheet'!K7,FIND("|",'Blind Scoring Sheet'!K7)-1)),TRIM('Blind Scoring Sheet'!K7))
A8: ='Blind Scoring Sheet'!A8 | B8: =MID(INDEX('Anonymization Key'!$B$4:$B$1003,MATCH(A8,'Anonymization Key'!$A$4:$A$1003,0)),3,2) | C8: =IF(ISNUMBER('Blind Scoring Sheet'!B8),'Blind Scoring Sheet'!B8,VALUE(TRIM(LEFT('Blind Scoring Sheet'!B8,FIND("|",'Blind Scoring Sheet'!B8)-1)))) | D8: =IF(ISNUMBER('Blind Scoring Sheet'!D8),'Blind Scoring Sheet'!D8,VALUE(TRIM(LEFT('Blind Scoring Sheet'!D8,FIND("|",'Blind Scoring Sheet'!D8)-1)))) | E8: =IF(ISNUMBER('Blind Scoring Sheet'!F8),'Blind Scoring Sheet'!F8,VALUE(TRIM(LEFT('Blind Scoring Sheet'!F8,FIND("|",'Blind Scoring Sheet'!F8)-1)))) | F8: =IF(ISNUMBER('Blind Scoring Sheet'!H8),'Blind Scoring Sheet'!H8,VALUE(TRIM(LEFT('Blind Scoring Sheet'!H8,FIND("|",'Blind Scoring Sheet'!H8)-1)))) | G8: =IF(ISNUMBER('Blind Scoring Sheet'!J8),'Blind Scoring Sheet'!J8,VALUE(TRIM(LEFT('Blind Scoring Sheet'!J8,FIND("|",'Blind Scoring Sheet'!J8)-1)))) | H8: =IF(ISNUMBER(SEARCH("|",'Blind Scoring Sheet'!K8)),TRIM(LEFT('Blind Scoring Sheet'!K8,FIND("|",'Blind Scoring Sheet'!K8)-1)),TRIM('Blind Scoring Sheet'!K8))
A9: ='Blind Scoring Sheet'!A9 | B9: =MID(INDEX('Anonymization Key'!$B$4:$B$1003,MATCH(A9,'Anonymization Key'!$A$4:$A$1003,0)),3,2) | C9: =IF(ISNUMBER('Blind Scoring Sheet'!B9),'Blind Scoring Sheet'!B9,VALUE(TRIM(LEFT('Blind Scoring Sheet'!B9,FIND("|",'Blind Scoring Sheet'!B9)-1)))) | D9: =IF(ISNUMBER('Blind Scoring Sheet'!D9),'Blind Scoring Sheet'!D9,VALUE(TRIM(LEFT('Blind Scoring Sheet'!D9,FIND("|",'Blind Scoring Sheet'!D9)-1)))) | E9: =IF(ISNUMBER('Blind Scoring Sheet'!F9),'Blind Scoring Sheet'!F9,VALUE(TRIM(LEFT('Blind Scoring Sheet'!F9,FIND("|",'Blind Scoring Sheet'!F9)-1)))) | F9: =IF(ISNUMBER('Blind Scoring Sheet'!H9),'Blind Scoring Sheet'!H9,VALUE(TRIM(LEFT('Blind Scoring Sheet'!H9,FIND("|",'Blind Scoring Sheet'!H9)-1)))) | G9: =IF(ISNUMBER('Blind Scoring Sheet'!J9),'Blind Scoring Sheet'!J9,VALUE(TRIM(LEFT('Blind Scoring Sheet'!J9,FIND("|",'Blind Scoring Sheet'!J9)-1)))) | H9: =IF(ISNUMBER(SEARCH("|",'Blind Scoring Sheet'!K9)),TRIM(LEFT('Blind Scoring Sheet'!K9,FIND("|",'Blind Scoring Sheet'!K9)-1)),TRIM('Blind Scoring Sheet'!K9))
A10: ='Blind Scoring Sheet'!A10 | B10: =MID(INDEX('Anonymization Key'!$B$4:$B$1003,MATCH(A10,'Anonymization Key'!$A$4:$A$1003,0)),3,2) | C10: =IF(ISNUMBER('Blind Scoring Sheet'!B10),'Blind Scoring Sheet'!B10,VALUE(TRIM(LEFT('Blind Scoring Sheet'!B10,FIND("|",'Blind Scoring Sheet'!B10)-1)))) | D10: =IF(ISNUMBER('Blind Scoring Sheet'!D10),'Blind Scoring Sheet'!D10,VALUE(TRIM(LEFT('Blind Scoring Sheet'!D10,FIND("|",'Blind Scoring Sheet'!D10)-1)))) | E10: =IF(ISNUMBER('Blind Scoring Sheet'!F10),'Blind Scoring Sheet'!F10,VALUE(TRIM(LEFT('Blind Scoring Sheet'!F10,FIND("|",'Blind Scoring Sheet'!F10)-1)))) | F10: =IF(ISNUMBER('Blind Scoring Sheet'!H10),'Blind Scoring Sheet'!H10,VALUE(TRIM(LEFT('Blind Scoring Sheet'!H10,FIND("|",'Blind Scoring Sheet'!H10)-1)))) | G10: =IF(ISNUMBER('Blind Scoring Sheet'!J10),'Blind Scoring Sheet'!J10,VALUE(TRIM(LEFT('Blind Scoring Sheet'!J10,FIND("|",'Blind Scoring Sheet'!J10)-1)))) | H10: =IF(ISNUMBER(SEARCH("|",'Blind Scoring Sheet'!K10)),TRIM(LEFT('Blind Scoring Sheet'!K10,FIND("|",'Blind Scoring Sheet'!K10)-1)),TRIM('Blind Scoring Sheet'!K10))
A11: ='Blind Scoring Sheet'!A11 | B11: =MID(INDEX('Anonymization Key'!$B$4:$B$1003,MATCH(A11,'Anonymization Key'!$A$4:$A$1003,0)),3,2) | C11: =IF(ISNUMBER('Blind Scoring Sheet'!B11),'Blind Scoring Sheet'!B11,VALUE(TRIM(LEFT('Blind Scoring Sheet'!B11,FIND("|",'Blind Scoring Sheet'!B11)-1)))) | D11: =IF(ISNUMBER('Blind Scoring Sheet'!D11),'Blind Scoring Sheet'!D11,VALUE(TRIM(LEFT('Blind Scoring Sheet'!D11,FIND("|",'Blind Scoring Sheet'!D11)-1)))) | E11: =IF(ISNUMBER('Blind Scoring Sheet'!F11),'Blind Scoring Sheet'!F11,VALUE(TRIM(LEFT('Blind Scoring Sheet'!F11,FIND("|",'Blind Scoring Sheet'!F11)-1)))) | F11: =IF(ISNUMBER('Blind Scoring Sheet'!H11),'Blind Scoring Sheet'!H11,VALUE(TRIM(LEFT('Blind Scoring Sheet'!H11,FIND("|",'Blind Scoring Sheet'!H11)-1)))) | G11: =IF(ISNUMBER('Blind Scoring Sheet'!J11),'Blind Scoring Sheet'!J11,VALUE(TRIM(LEFT('Blind Scoring Sheet'!J11,FIND("|",'Blind Scoring Sheet'!J11)-1)))) | H11: =IF(ISNUMBER(SEARCH("|",'Blind Scoring Sheet'!K11)),TRIM(LEFT('Blind Scoring Sheet'!K11,FIND("|",'Blind Scoring Sheet'!K11)-1)),TRIM('Blind Scoring Sheet'!K11))
A12: ='Blind Scoring Sheet'!A12 | B12: =MID(INDEX('Anonymization Key'!$B$4:$B$1003,MATCH(A12,'Anonymization Key'!$A$4:$A$1003,0)),3,2) | C12: =IF(ISNUMBER('Blind Scoring Sheet'!B12),'Blind Scoring Sheet'!B12,VALUE(TRIM(LEFT('Blind Scoring Sheet'!B12,FIND("|",'Blind Scoring Sheet'!B12)-1)))) | D12: =IF(ISNUMBER('Blind Scoring Sheet'!D12),'Blind Scoring Sheet'!D12,VALUE(TRIM(LEFT('Blind Scoring Sheet'!D12,FIND("|",'Blind Scoring Sheet'!D12)-1)))) | E12: =IF(ISNUMBER('Blind Scoring Sheet'!F12),'Blind Scoring Sheet'!F12,VALUE(TRIM(LEFT('Blind Scoring Sheet'!F12,FIND("|",'Blind Scoring Sheet'!F12)-1)))) | F12: =IF(ISNUMBER('Blind Scoring Sheet'!H12),'Blind Scoring Sheet'!H12,VALUE(TRIM(LEFT('Blind Scoring Sheet'!H12,FIND("|",'Blind Scoring Sheet'!H12)-1)))) | G12: =IF(ISNUMBER('Blind Scoring Sheet'!J12),'Blind Scoring Sheet'!J12,VALUE(TRIM(LEFT('Blind Scoring Sheet'!J12,FIND("|",'Blind Scoring Sheet'!J12)-1)))) | H12: =IF(ISNUMBER(SEARCH("|",'Blind Scoring Sheet'!K12)),TRIM(LEFT('Blind Scoring Sheet'!K12,FIND("|",'Blind Scoring Sheet'!K12)-1)),TRIM('Blind Scoring Sheet'!K12))
A13: ='Blind Scoring Sheet'!A13 | B13: =MID(INDEX('Anonymization Key'!$B$4:$B$1003,MATCH(A13,'Anonymization Key'!$A$4:$A$1003,0)),3,2) | C13: =IF(ISNUMBER('Blind Scoring Sheet'!B13),'Blind Scoring Sheet'!B13,VALUE(TRIM(LEFT('Blind Scoring Sheet'!B13,FIND("|",'Blind Scoring Sheet'!B13)-1)))) | D13: =IF(ISNUMBER('Blind Scoring Sheet'!D13),'Blind Scoring Sheet'!D13,VALUE(TRIM(LEFT('Blind Scoring Sheet'!D13,FIND("|",'Blind Scoring Sheet'!D13)-1)))) | E13: =IF(ISNUMBER('Blind Scoring Sheet'!F13),'Blind Scoring Sheet'!F13,VALUE(TRIM(LEFT('Blind Scoring Sheet'!F13,FIND("|",'Blind Scoring Sheet'!F13)-1)))) | F13: =IF(ISNUMBER('Blind Scoring Sheet'!H13),'Blind Scoring Sheet'!H13,VALUE(TRIM(LEFT('Blind Scoring Sheet'!H13,FIND("|",'Blind Scoring Sheet'!H13)-1)))) | G13: =IF(ISNUMBER('Blind Scoring Sheet'!J13),'Blind Scoring Sheet'!J13,VALUE(TRIM(LEFT('Blind Scoring Sheet'!J13,FIND("|",'Blind Scoring Sheet'!J13)-1)))) | H13: =IF(ISNUMBER(SEARCH("|",'Blind Scoring Sheet'!K13)),TRIM(LEFT('Blind Scoring Sheet'!K13,FIND("|",'Blind Scoring Sheet'!K13)-1)),TRIM('Blind Scoring Sheet'!K13))
A14: ='Blind Scoring Sheet'!A14 | B14: =MID(INDEX('Anonymization Key'!$B$4:$B$1003,MATCH(A14,'Anonymization Key'!$A$4:$A$1003,0)),3,2) | C14: =IF(ISNUMBER('Blind Scoring Sheet'!B14),'Blind Scoring Sheet'!B14,VALUE(TRIM(LEFT('Blind Scoring Sheet'!B14,FIND("|",'Blind Scoring Sheet'!B14)-1)))) | D14: =IF(ISNUMBER('Blind Scoring Sheet'!D14),'Blind Scoring Sheet'!D14,VALUE(TRIM(LEFT('Blind Scoring Sheet'!D14,FIND("|",'Blind Scoring Sheet'!D14)-1)))) | E14: =IF(ISNUMBER('Blind Scoring Sheet'!F14),'Blind Scoring Sheet'!F14,VALUE(TRIM(LEFT('Blind Scoring Sheet'!F14,FIND("|",'Blind Scoring Sheet'!F14)-1)))) | F14: =IF(ISNUMBER('Blind Scoring Sheet'!H14),'Blind Scoring Sheet'!H14,VALUE(TRIM(LEFT('Blind Scoring Sheet'!H14,FIND("|",'Blind Scoring Sheet'!H14)-1)))) | G14: =IF(ISNUMBER('Blind Scoring Sheet'!J14),'Blind Scoring Sheet'!J14,VALUE(TRIM(LEFT('Blind Scoring Sheet'!J14,FIND("|",'Blind Scoring Sheet'!J14)-1)))) | H14: =IF(ISNUMBER(SEARCH("|",'Blind Scoring Sheet'!K14)),TRIM(LEFT('Blind Scoring Sheet'!K14,FIND("|",'Blind Scoring Sheet'!K14)-1)),TRIM('Blind Scoring Sheet'!K14))
A15: ='Blind Scoring Sheet'!A15 | B15: =MID(INDEX('Anonymization Key'!$B$4:$B$1003,MATCH(A15,'Anonymization Key'!$A$4:$A$1003,0)),3,2) | C15: =IF(ISNUMBER('Blind Scoring Sheet'!B15),'Blind Scoring Sheet'!B15,VALUE(TRIM(LEFT('Blind Scoring Sheet'!B15,FIND("|",'Blind Scoring Sheet'!B15)-1)))) | D15: =IF(ISNUMBER('Blind Scoring Sheet'!D15),'Blind Scoring Sheet'!D15,VALUE(TRIM(LEFT('Blind Scoring Sheet'!D15,FIND("|",'Blind Scoring Sheet'!D15)-1)))) | E15: =IF(ISNUMBER('Blind Scoring Sheet'!F15),'Blind Scoring Sheet'!F15,VALUE(TRIM(LEFT('Blind Scoring Sheet'!F15,FIND("|",'Blind Scoring Sheet'!F15)-1)))) | F15: =IF(ISNUMBER('Blind Scoring Sheet'!H15),'Blind Scoring Sheet'!H15,VALUE(TRIM(LEFT('Blind Scoring Sheet'!H15,FIND("|",'Blind Scoring Sheet'!H15)-1)))) | G15: =IF(ISNUMBER('Blind Scoring Sheet'!J15),'Blind Scoring Sheet'!J15,VALUE(TRIM(LEFT('Blind Scoring Sheet'!J15,FIND("|",'Blind Scoring Sheet'!J15)-1)))) | H15: =IF(ISNUMBER(SEARCH("|",'Blind Scoring Sheet'!K15)),TRIM(LEFT('Blind Scoring Sheet'!K15,FIND("|",'Blind Scoring Sheet'!K15)-1)),TRIM('Blind Scoring Sheet'!K15))
... A1003: ='Blind Scoring Sheet'!A1003 | B1003: =MID(INDEX('Anonymization Key'!$B$4:$B$1003,MATCH(A1003,'Anonymization Key'!$A$4:$A$1003,0)),3,2) | C1003: =IF(ISNUMBER('Blind Scoring Sheet'!B1003),'Blind Scoring Sheet'!B1003,VALUE(TRIM(LEFT('Blind Scoring Sheet'!B1003,FIND("|",'Blind Scoring Sheet'!B1003)-1)))) | D1003: =IF(ISNUMBER('Blind Scoring Sheet'!D1003),'Blind Scoring Sheet'!D1003,VALUE(TRIM(LEFT('Blind Scoring Sheet'!D1003,FIND("|",'Blind Scoring Sheet'!D1003)-1)))) | E1003: =IF(ISNUMBER('Blind Scoring Sheet'!F1003),'Blind Scoring Sheet'!F1003,VALUE(TRIM(LEFT('Blind Scoring Sheet'!F1003,FIND("|",'Blind Scoring Sheet'!F1003)-1)))) | F1003: =IF(ISNUMBER('Blind Scoring Sheet'!H1003),'Blind Scoring Sheet'!H1003,VALUE(TRIM(LEFT('Blind Scoring Sheet'!H1003,FIND("|",'Blind Scoring Sheet'!H1003)-1)))) | G1003: =IF(ISNUMBER('Blind Scoring Sheet'!J1003),'Blind Scoring Sheet'!J1003,VALUE(TRIM(LEFT('Blind Scoring Sheet'!J1003,FIND("|",'Blind Scoring Sheet'!J1003)-1)))) | H1003: =IF(ISNUMBER(SEARCH("|",'Blind Scoring Sheet'!K1003)),TRIM(LEFT('Blind Scoring Sheet'!K1003,FIND("|",'Blind Scoring Sheet'!K1003)-1)),TRIM('Blind Scoring Sheet'!K1003))
